Workbook

Sheet Result02
A1: Feature_Selection | B1: Model | C1: train_auc | D1: train_pr_auc | E1: train_precision | F1: train_recall | G1: train_f1 | H1: train_accuracy | I1: test_auc | J1: test_pr_auc | K1: test_precision | L1: test_recall | M1: test_f1 | N1: test_accuracy
A2: Full_Set_Baseline | B2: XGBoost | C2: 0.9380 | D2: 0.7426 | E2: 0.8552 | F2: 0.695 | G2: 0.7667 | H2: 0.9994 | I2: 0.909 | J2: 0.6729 | K2: 0.8285 | L2: 0.669 | M2: 0.7402 | N2: 0.9993
A3: Lasso (a=1e-6) | B3: XGBoost | C3: 0.9363 | D3: 0.7349 | E3: 0.8508 | F3: 0.6973 | G3: 0.7664 | H3: 0.9994 | I3: 0.913 | J3: 0.686 | K3: 0.8181 | L3: 0.6793 | M3: 0.7422 | N3: 0.9993
A4: Ridge (a=1e6) | B4: XGBoost | C4: 0.8963 | D4: 0.6320 | E4: 0.7962 | F4: 0.6134 | G4: 0.6928 | H4: 0.9992 | I4: 0.9067 | J4: 0.6805 | K4: 0.8326 | L4: 0.648 | M4: 0.7288 | N4: 0.9993
A5: Ridge (a=1e3) | B5: XGBoost | C5: 0.8987 | D5: 0.3944 | E5: 0.675 | F5: 0.3567 | G5: 0.4666 | H5: 0.9988 | I5: 0.8276 | J5: 0.3317 | K5: 0.6167 | L5: 0.3058 | M5: 0.4088 | N5: 0.9987
A6: Ridge (a=1e2) | B6: XGBoost | C6: 0.8987 | D6: 0.3944 | E6: 0.675 | F6: 0.3567 | G6: 0.4666 | H6: 0.9988 | I6: 0.8276 | J6: 0.3317 | K6: 0.6167 | L6: 0.3058 | M6: 0.4088 | N6: 0.9987
A7: Ridge (a=1e4) | B7: XGBoost | C7: 0.8820 | D7: 0.3687 | E7: 0.6425 | F7: 0.3509 | G7: 0.4539 | H7: 0.9987 | I7: 0.8579 | J7: 0.346 | K7: 0.5801 | L7: 0.3385 | M7: 0.4275 | N7: 0.9986
A8: Ridge (a=1e5) | B8: XGBoost | C8: 0.8914 | D8: 0.3414 | E8: 0.6281 | F8: 0.34 | G8: 0.4406 | H8: 0.9987 | I8: 0.9056 | J8: 0.3809 | K8: 0.6627 | L8: 0.3212 | M8: 0.4327 | N8: 0.9987
A9: XGBoost_Top10 | B9: XGBoost | C9: 0.8704 | D9: 0.3204 | E9: 0.6104 | F9: 0.3184 | G9: 0.4183 | H9: 0.9987 | I9: 0.855 | J9: 0.322 | K9: 0.6342 | L9: 0.2865 | M9: 0.3947 | N9: 0.9987
A10: Lasso (a=1e-5) | B10: XGBoost | C10: 0.8597 | D10: 0.3043 | E10: 0.6035 | F10: 0.299 | G10: 0.3996 | H10: 0.9987 | I10: 0.8222 | J10: 0.2509 | K10: 0.5858 | L10: 0.268 | M10: 0.3678 | N10: 0.9986
A11: Lasso (a=1e-4) | B11: XGBoost | C11: 0.9286 | D11: 0.2481 | E11: 0.8412 | F11: 0.2155 | G11: 0.3429 | H11: 0.9988 | I11: 0.7242 | J11: 0.0116 | K11: 0 | L11: 0 | M11: 0 | N11: 0.9966
A12: Lasso (a=1e-6) | B12: LDA | C12: 0.8666 | D12: 0.0270 | E12: 0.0507 | F12: 0.1436 | G12: 0.0749 | H12: 0.9947 | I12: 0.8618 | J12: 0.0249 | K12: 0.0502 | L12: 0.141 | M12: 0.0741 | N12: 0.9947
A13: Ridge (a=1e4) | B13: LDA | C13: 0.8674 | D13: 0.0267 | E13: 0.0504 | F13: 0.1421 | G13: 0.0744 | H13: 0.9947 | I13: 0.8619 | J13: 0.0246 | K13: 0.0495 | L13: 0.139 | M13: 0.073 | N13: 0.9947
... A40: XGBoost_Top10 | B40: LogisticRegression | C40: 0.8763 | D40: 0.0081 | E40: 0 | F40: 0 | G40: 0 | H40: 0.9985 | I40: 0.8749 | J40: 0.0081 | K40: 0 | L40: 0 | M40: 0 | N40: 0.9985

Sheet 結果
B2: =_xlfn.CONCAT("總方法數：", COUNTA(使用方法!A:A), "x", COUNTA(使用方法!B:B), " = ", COUNTA(使用方法!A:A)*COUNTA(使用方法!B:B)) -> 總方法數：4x10 = 40 | D2: Result02
B3: ML | D3: Feature Selection | F3: {=TRANSPOSE(_xlfn._xlws.FILTER(使用方法!C:C, 使用方法!C:C<>0))} -> train_precision | G3: train_recall | H3: train_f1 | I3: train_auc | J3: train_pr_auc | K3: train_accuracy | L3: test_precision | M3: test_recall | N3: test_f1 | O3: test_auc | P3: test_pr_auc | Q3: test_accuracy
B4: {=IFERROR( IF( MOD(ROW()-ROW($B$4), COUNTA(使用方法!$B:$B)) = 0, IF(INDEX(使用方法!$A:$A, INT((ROW()-ROW($B$4))/COUNTA(使用方法!$B:$B))+1) = "", "", INDEX(使用方法!$A:$A, INT((ROW()-ROW($B$4))/COUNTA(使用方法!$B:$B))+1) ), "" ), "")} -> LogisticRegression | C4: =IF(B4<>"", B4, C3) -> LogisticRegression | D4: {=_xlfn.LET( _xlpm.data, _xlfn._xlws.FILTER(使用方法!B:B, 使用方法!B:B<>""), _xlpm.n, COUNTA(使用方法!A:A), _xlpm.totalRows, ROWS(_xlpm.data) * _xlpm.n, _xlpm.seq, _xlfn.SEQUENCE(_xlpm.totalRows, 1, 0, 1), INDEX(_xlpm.data, MOD(_xlpm.seq, ROWS(_xlpm.data)) + 1) )} -> Full_Set_Baseline | F4: {=_xlfn.LET( _xlpm.sheet, $D$2, _xlpm.rowMatch, MATCH( TRIM($D4)&"|"&TRIM($C4), TRIM(INDIRECT(_xlpm.sheet & "!A2:A45")) & "|" & TRIM(INDIRECT(_xlpm.sheet & "!B2:B45")), 0 ), _xlpm.colMatch, MATCH( TRIM(F$3), TRIM(INDIRECT(_xlpm.sheet & "!C1:M1")), 0 ), _xlpm.val, IFERROR(INDEX(INDIRECT(_xlpm.sheet & "!C2:M100"), _xlpm.rowMatch, _xlpm.colMatch), ""), IF(_xlpm.val="", "", _xlpm.val) )} -> 0 | G4: {=_xlfn.LET( _xlpm.sheet, $D$2, _xlpm.rowMatch, MATCH( TRIM($D4)&"|"&TRIM($C4), TRIM(INDIRECT(_xlpm.sheet & "!A2:A45")) & "|" & TRIM(INDIRECT(_xlpm.sheet & "!B2:B45")), 0 ), _xlpm.colMatch, MATCH( TRIM(G$3), TRIM(INDIRECT(_xlpm.sheet & "!C1:M1")), 0 ), _xlpm.val, IFERROR(INDEX(INDIRECT(_xlpm.sheet & "!C2:M100"), _xlpm.rowMatch, _xlpm.colMatch), ""), IF(_xlpm.val="", "", _xlpm.val) )} -> 0 | H4: {=_xlfn.LET( _xlpm.sheet, $D$2, _xlpm.rowMatch, MATCH( TRIM($D4)&"|"&TRIM($C4), TRIM(INDIRECT(_xlpm.sheet & "!A2:A45")) & "|" & TRIM(INDIRECT(_xlpm.sheet & "!B2:B45")), 0 ), _xlpm.colMatch, MATCH( TRIM(H$3), TRIM(INDIRECT(_xlpm.sheet & "!C1:M1")), 0 ), _xlpm.val, IFERROR(INDEX(INDIRECT(_xlpm.sheet & "!C2:M100"), _xlpm.rowMatch, _xlpm.colMatch), ""), IF(_xlpm.val="", "", _xlpm.val) )} -> 0 | I4: {=_xlfn.LET( _xlpm.sheet, $D$2, _xlpm.rowMatch, MATCH( TRIM($D4)&"|"&TRIM($C4), TRIM(INDIRECT(_xlpm.sheet & "!A2:A45")) & "|" & TRIM(INDIRECT(_xlpm.sheet & "!B2:B45")), 0 ), _xlpm.colMatch, MATCH( TRIM(I$3), TRIM(INDIRECT(_xlpm.sheet & "!C1:M1")), 0 ), _xlpm.val, IFERROR(INDEX(INDIRECT(_xlpm.sheet & "!C2:M100"), _xlpm.rowMatch, _xlpm.colMatch), ""), IF(_xlpm.val="", "", _xlpm.val) )} -> 0.8698 | J4: {=_xlfn.LET( _xlpm.sheet, $D$2, _xlpm.rowMatch, MATCH( TRIM($D4)&"|"&TRIM($C4), TRIM(INDIRECT(_xlpm.sheet & "!A2:A45")) & "|" & TRIM(INDIRECT(_xlpm.sheet & "!B2:B45")), 0 ), _xlpm.colMatch, MATCH( TRIM(J$3), TRIM(INDIRECT(_xlpm.sheet & "!C1:M1")), 0 ), _xlpm.val, IFERROR(INDEX(INDIRECT(_xlpm.sheet & "!C2:M100"), _xlpm.rowMatch, _xlpm.colMatch), ""), IF(_xlpm.val="", "", _xlpm.val) )} -> 0.0138 | K4: {=_xlfn.LET( _xlpm.sheet, $D$2, _xlpm.rowMatch, MATCH( TRIM($D4)&"|"&TRIM($C4), TRIM(INDIRECT(_xlpm.sheet & "!A2:A45")) & "|" & TRIM(INDIRECT(_xlpm.sheet & "!B2:B45")), 0 ), _xlpm.colMatch, MATCH( TRIM(K$3), TRIM(INDIRECT(_xlpm.sheet & "!C1:M1")), 0 ), _xlpm.val, IFERROR(INDEX(INDIRECT(_xlpm.sheet & "!C2:M100"), _xlpm.rowMatch, _xlpm.colMatch), ""), IF(_xlpm.val="", "", _xlpm.val) )} -> 0.9985 | L4: {=_xlfn.LET( _xlpm.sheet, $D$2, _xlpm.rowMatch, MATCH( TRIM($D4)&"|"&TRIM($C4), TRIM(INDIRECT(_xlpm.sheet & "!A2:A45")) & "|" & TRIM(INDIRECT(_xlpm.sheet & "!B2:B45")), 0 ), _xlpm.colMatch, MATCH( TRIM(L$3), TRIM(INDIRECT(_xlpm.sheet & "!C1:M1")), 0 ), _xlpm.val, IFERROR(INDEX(INDIRECT(_xlpm.sheet & "!C2:M100"), _xlpm.rowMatch, _xlpm.colMatch), ""), IF(_xlpm.val="", "", _xlpm.val) )} -> 0 | M4: {=_xlfn.LET( _xlpm.sheet, $D$2, _xlpm.rowMatch, MATCH( TRIM($D4)&"|"&TRIM($C4), TRIM(INDIRECT(_xlpm.sheet & "!A2:A45")) & "|" & TRIM(INDIRECT(_xlpm.sheet & "!B2:B45")), 0 ), _xlpm.colMatch, MATCH( TRIM(M$3), TRIM(INDIRECT(_xlpm.sheet & "!C1:M1")), 0 ), _xlpm.val, IFERROR(INDEX(INDIRECT(_xlpm.sheet & "!C2:M100"), _xlpm.rowMatch, _xlpm.colMatch), ""), IF(_xlpm.val="", "", _xlpm.val) )} -> 0 | ... P4: {=_xlfn.LET( _xlpm.sheet, $D$2, _xlpm.rowMatch, MATCH( TRIM($D4)&"|"&TRIM($C4), TRIM(INDIRECT(_xlpm.sheet & "!A2:A45")) & "|" & TRIM(INDIRECT(_xlpm.sheet & "!B2:B45")), 0 ), _xlpm.colMatch, MATCH( TRIM(P$3), TRIM(INDIRECT(_xlpm.sheet & "!C1:M1")), 0 ), _xlpm.val, IFERROR(INDEX(INDIRECT(_xlpm.sheet & "!C2:M100"), _xlpm.rowMatch, _xlpm.colMatch), ""), IF(_xlpm.val="", "", _xlpm.val) )} -> 0.0141 | Q4: {=_xlfn.LET( _xlpm.sheet, $D$2, _xlpm.rowMatch, MATCH( TRIM($D4)&"|"&TRIM($C4), TRIM(INDIRECT(_xlpm.sheet & "!A2:A45")) & "|" & TRIM(INDIRECT(_xlpm.sheet & "!B2:B45")), 0 ), _xlpm.colMatch, MATCH( TRIM(Q$3), TRIM(INDIRECT(_xlpm.sheet & "!C1:N1")), 0 ), _xlpm.val, IFERROR(INDEX(INDIRECT(_xlpm.sheet & "!C2:N100"), _xlpm.rowMatch, _xlpm.colMatch), ""), IF(_xlpm.val="", "", _xlpm.val) )} -> 0.9985
B5: {=IFERROR( IF( MOD(ROW()-ROW($B$4), COUNTA(使用方法!$B:$B)) = 0, IF(INDEX(使用方法!$A:$A, INT((ROW()-ROW($B$4))/COUNTA(使用方法!$B:$B))+1) = "", "", INDEX(使用方法!$A:$A, INT((ROW()-ROW($B$4))/COUNTA(使用方法!$B:$B))+1) ), "" ), "")} | C5: =IF(B5<>"", B5, C4) -> LogisticRegression | D5: Lasso (a=1e-4) | F5: {=_xlfn.LET( _xlpm.sheet, $D$2, _xlpm.rowMatch, MATCH( TRIM($D5)&"|"&TRIM($C5), TRIM(INDIRECT(_xlpm.sheet & "!A2:A45")) & "|" & TRIM(INDIRECT(_xlpm.sheet & "!B2:B45")), 0 ), _xlpm.colMatch, MATCH( TRIM(F$3), TRIM(INDIRECT(_xlpm.sheet & "!C1:M1")), 0 ), _xlpm.val, IFERROR(INDEX(INDIRECT(_xlpm.sheet & "!C2:M100"), _xlpm.rowMatch, _xlpm.colMatch), ""), IF(_xlpm.val="", "", _xlpm.val) )} -> 0 | G5: {=_xlfn.LET( _xlpm.sheet, $D$2, _xlpm.rowMatch, MATCH( TRIM($D5)&"|"&TRIM($C5), TRIM(INDIRECT(_xlpm.sheet & "!A2:A45")) & "|" & TRIM(INDIRECT(_xlpm.sheet & "!B2:B45")), 0 ), _xlpm.colMatch, MATCH( TRIM(G$3), TRIM(INDIRECT(_xlpm.sheet & "!C1:M1")), 0 ), _xlpm.val, IFERROR(INDEX(INDIRECT(_xlpm.sheet & "!C2:M100"), _xlpm.rowMatch, _xlpm.colMatch), ""), IF(_xlpm.val="", "", _xlpm.val) )} -> 0 | H5: {=_xlfn.LET( _xlpm.sheet, $D$2, _xlpm.rowMatch, MATCH( TRIM($D5)&"|"&TRIM($C5), TRIM(INDIRECT(_xlpm.sheet & "!A2:A45")) & "|" & TRIM(INDIRECT(_xlpm.sheet & "!B2:B45")), 0 ), _xlpm.colMatch, MATCH( TRIM(H$3), TRIM(INDIRECT(_xlpm.sheet & "!C1:M1")), 0 ), _xlpm.val, IFERROR(INDEX(INDIRECT(_xlpm.sheet & "!C2:M100"), _xlpm.rowMatch, _xlpm.colMatch), ""), IF(_xlpm.val="", "", _xlpm.val) )} -> 0 | I5: {=_xlfn.LET( _xlpm.sheet, $D$2, _xlpm.rowMatch, MATCH( TRIM($D5)&"|"&TRIM($C5), TRIM(INDIRECT(_xlpm.sheet & "!A2:A45")) & "|" & TRIM(INDIRECT(_xlpm.sheet & "!B2:B45")), 0 ), _xlpm.colMatch, MATCH( TRIM(I$3), TRIM(INDIRECT(_xlpm.sheet & "!C1:M1")), 0 ), _xlpm.val, IFERROR(INDEX(INDIRECT(_xlpm.sheet & "!C2:M100"), _xlpm.rowMatch, _xlpm.colMatch), ""), IF(_xlpm.val="", "", _xlpm.val) )} -> 0.8736 | J5: {=_xlfn.LET( _xlpm.sheet, $D$2, _xlpm.rowMatch, MATCH( TRIM($D5)&"|"&TRIM($C5), TRIM(INDIRECT(_xlpm.sheet & "!A2:A45")) & "|" & TRIM(INDIRECT(_xlpm.sheet & "!B2:B45")), 0 ), _xlpm.colMatch, MATCH( TRIM(J$3), TRIM(INDIRECT(_xlpm.sheet & "!C1:M1")), 0 ), _xlpm.val, IFERROR(INDEX(INDIRECT(_xlpm.sheet & "!C2:M100"), _xlpm.rowMatch, _xlpm.colMatch), ""), IF(_xlpm.val="", "", _xlpm.val) )} -> 0.0132 | K5: {=_xlfn.LET( _xlpm.sheet, $D$2, _xlpm.rowMatch, MATCH( TRIM($D5)&"|"&TRIM($C5), TRIM(INDIRECT(_xlpm.sheet & "!A2:A45")) & "|" & TRIM(INDIRECT(_xlpm.sheet & "!B2:B45")), 0 ), _xlpm.colMatch, MATCH( TRIM(K$3), TRIM(INDIRECT(_xlpm.sheet & "!C1:M1")), 0 ), _xlpm.val, IFERROR(INDEX(INDIRECT(_xlpm.sheet & "!C2:M100"), _xlpm.rowMatch, _xlpm.colMatch), ""), IF(_xlpm.val="", "", _xlpm.val) )} -> 0.9985 | L5: {=_xlfn.LET( _xlpm.sheet, $D$2, _xlpm.rowMatch, MATCH( TRIM($D5)&"|"&TRIM($C5), TRIM(INDIRECT(_xlpm.sheet & "!A2:A45")) & "|" & TRIM(INDIRECT(_xlpm.sheet & "!B2:B45")), 0 ), _xlpm.colMatch, MATCH( TRIM(L$3), TRIM(INDIRECT(_xlpm.sheet & "!C1:M1")), 0 ), _xlpm.val, IFERROR(INDEX(INDIRECT(_xlpm.sheet & "!C2:M100"), _xlpm.rowMatch, _xlpm.colMatch), ""), IF(_xlpm.val="", "", _xlpm.val) )} -> 0 | M5: {=_xlfn.LET( _xlpm.sheet, $D$2, _xlpm.rowMatch, MATCH( TRIM($D5)&"|"&TRIM($C5), TRIM(INDIRECT(_xlpm.sheet & "!A2:A45")) & "|" & TRIM(INDIRECT(_xlpm.sheet & "!B2:B45")), 0 ), _xlpm.colMatch, MATCH( TRIM(M$3), TRIM(INDIRECT(_xlpm.sheet & "!C1:M1")), 0 ), _xlpm.val, IFERROR(INDEX(INDIRECT(_xlpm.sheet & "!C2:M100"), _xlpm.rowMatch, _xlpm.colMatch), ""), IF(_xlpm.val="", "", _xlpm.val) )} -> 0 | ... P5: {=_xlfn.LET( _xlpm.sheet, $D$2, _xlpm.rowMatch, MATCH( TRIM($D5)&"|"&TRIM($C5), TRIM(INDIRECT(_xlpm.sheet & "!A2:A45")) & "|" & TRIM(INDIRECT(_xlpm.sheet & "!B2:B45")), 0 ), _xlpm.colMatch, MATCH( TRIM(P$3), TRIM(INDIRECT(_xlpm.sheet & "!C1:M1")), 0 ), _xlpm.val, IFERROR(INDEX(INDIRECT(_xlpm.sheet & "!C2:M100"), _xlpm.rowMatch, _xlpm.colMatch), ""), IF(_xlpm.val="", "", _xlpm.val) )} -> 0.0135 | Q5: {=_xlfn.LET( _xlpm.sheet, $D$2, _xlpm.rowMatch, MATCH( TRIM($D5)&"|"&TRIM($C5), TRIM(INDIRECT(_xlpm.sheet & "!A2:A45")) & "|" & TRIM(INDIRECT(_xlpm.sheet & "!B2:B45")), 0 ), _xlpm.colMatch, MATCH( TRIM(Q$3), TRIM(INDIRECT(_xlpm.sheet & "!C1:N1")), 0 ), _xlpm.val, IFERROR(INDEX(INDIRECT(_xlpm.sheet & "!C2:N100"), _xlpm.rowMatch, _xlpm.colMatch), ""), IF(_xlpm.val="", "", _xlpm.val) )} -> 0.9985
B6: {=IFERROR( IF( MOD(ROW()-ROW($B$4), COUNTA(使用方法!$B:$B)) = 0, IF(INDEX(使用方法!$A:$A, INT((ROW()-ROW($B$4))/COUNTA(使用方法!$B:$B))+1) = "", "", INDEX(使用方法!$A:$A, INT((ROW()-ROW($B$4))/COUNTA(使用方法!$B:$B))+1) ), "" ), "")} | C6: =IF(B6<>"", B6, C5) -> LogisticRegression | D6: Lasso (a=1e-5) | F6: {=_xlfn.LET( _xlpm.sheet, $D$2, _xlpm.rowMatch, MATCH( TRIM($D6)&"|"&TRIM($C6), TRIM(INDIRECT(_xlpm.sheet & "!A2:A45")) & "|" & TRIM(INDIRECT(_xlpm.sheet & "!B2:B45")), 0 ), _xlpm.colMatch, MATCH( TRIM(F$3), TRIM(INDIRECT(_xlpm.sheet & "!C1:M1")), 0 ), _xlpm.val, IFERROR(INDEX(INDIRECT(_xlpm.sheet & "!C2:M100"), _xlpm.rowMatch, _xlpm.colMatch), ""), IF(_xlpm.val="", "", _xlpm.val) )} -> 0 | G6: {=_xlfn.LET( _xlpm.sheet, $D$2, _xlpm.rowMatch, MATCH( TRIM($D6)&"|"&TRIM($C6), TRIM(INDIRECT(_xlpm.sheet & "!A2:A45")) & "|" & TRIM(INDIRECT(_xlpm.sheet & "!B2:B45")), 0 ), _xlpm.colMatch, MATCH( TRIM(G$3), TRIM(INDIRECT(_xlpm.sheet & "!C1:M1")), 0 ), _xlpm.val, IFERROR(INDEX(INDIRECT(_xlpm.sheet & "!C2:M100"), _xlpm.rowMatch, _xlpm.colMatch), ""), IF(_xlpm.val="", "", _xlpm.val) )} -> 0 | H6: {=_xlfn.LET( _xlpm.sheet, $D$2, _xlpm.rowMatch, MATCH( TRIM($D6)&"|"&TRIM($C6), TRIM(INDIRECT(_xlpm.sheet & "!A2:A45")) & "|" & TRIM(INDIRECT(_xlpm.sheet & "!B2:B45")), 0 ), _xlpm.colMatch, MATCH( TRIM(H$3), TRIM(INDIRECT(_xlpm.sheet & "!C1:M1")), 0 ), _xlpm.val, IFERROR(INDEX(INDIRECT(_xlpm.sheet & "!C2:M100"), _xlpm.rowMatch, _xlpm.colMatch), ""), IF(_xlpm.val="", "", _xlpm.val) )} -> 0 | I6: {=_xlfn.LET( _xlpm.sheet, $D$2, _xlpm.rowMatch, MATCH( TRIM($D6)&"|"&TRIM($C6), TRIM(INDIRECT(_xlpm.sheet & "!A2:A45")) & "|" & TRIM(INDIRECT(_xlpm.sheet & "!B2:B45")), 0 ), _xlpm.colMatch, MATCH( TRIM(I$3), TRIM(INDIRECT(_xlpm.sheet & "!C1:M1")), 0 ), _xlpm.val, IFERROR(INDEX(INDIRECT(_xlpm.sheet & "!C2:M100"), _xlpm.rowMatch, _xlpm.colMatch), ""), IF(_xlpm.val="", "", _xlpm.val) )} -> 0.8891 | J6: {=_xlfn.LET( _xlpm.sheet, $D$2, _xlpm.rowMatch, MATCH( TRIM($D6)&"|"&TRIM($C6), TRIM(INDIRECT(_xlpm.sheet & "!A2:A45")) & "|" & TRIM(INDIRECT(_xlpm.sheet & "!B2:B45")), 0 ), _xlpm.colMatch, MATCH( TRIM(J$3), TRIM(INDIRECT(_xlpm.sheet & "!C1:M1")), 0 ), _xlpm.val, IFERROR(INDEX(INDIRECT(_xlpm.sheet & "!C2:M100"), _xlpm.rowMatch, _xlpm.colMatch), ""), IF(_xlpm.val="", "", _xlpm.val) )} -> 0.0167 | K6: {=_xlfn.LET( _xlpm.sheet, $D$2, _xlpm.rowMatch, MATCH( TRIM($D6)&"|"&TRIM($C6), TRIM(INDIRECT(_xlpm.sheet & "!A2:A45")) & "|" & TRIM(INDIRECT(_xlpm.sheet & "!B2:B45")), 0 ), _xlpm.colMatch, MATCH( TRIM(K$3), TRIM(INDIRECT(_xlpm.sheet & "!C1:M1")), 0 ), _xlpm.val, IFERROR(INDEX(INDIRECT(_xlpm.sheet & "!C2:M100"), _xlpm.rowMatch, _xlpm.colMatch), ""), IF(_xlpm.val="", "", _xlpm.val) )} -> 0.9985 | L6: {=_xlfn.LET( _xlpm.sheet, $D$2, _xlpm.rowMatch, MATCH( TRIM($D6)&"|"&TRIM($C6), TRIM(INDIRECT(_xlpm.sheet & "!A2:A45")) & "|" & TRIM(INDIRECT(_xlpm.sheet & "!B2:B45")), 0 ), _xlpm.colMatch, MATCH( TRIM(L$3), TRIM(INDIRECT(_xlpm.sheet & "!C1:M1")), 0 ), _xlpm.val, IFERROR(INDEX(INDIRECT(_xlpm.sheet & "!C2:M100"), _xlpm.rowMatch, _xlpm.colMatch), ""), IF(_xlpm.val="", "", _xlpm.val) )} -> 0 | M6: {=_xlfn.LET( _xlpm.sheet, $D$2, _xlpm.rowMatch, MATCH( TRIM($D6)&"|"&TRIM($C6), TRIM(INDIRECT(_xlpm.sheet & "!A2:A45")) & "|" & TRIM(INDIRECT(_xlpm.sheet & "!B2:B45")), 0 ), _xlpm.colMatch, MATCH( TRIM(M$3), TRIM(INDIRECT(_xlpm.sheet & "!C1:M1")), 0 ), _xlpm.val, IFERROR(INDEX(INDIRECT(_xlpm.sheet & "!C2:M100"), _xlpm.rowMatch, _xlpm.colMatch), ""), IF(_xlpm.val="", "", _xlpm.val) )} -> 0 | ... P6: {=_xlfn.LET( _xlpm.sheet, $D$2, _xlpm.rowMatch, MATCH( TRIM($D6)&"|"&TRIM($C6), TRIM(INDIRECT(_xlpm.sheet & "!A2:A45")) & "|" & TRIM(INDIRECT(_xlpm.sheet & "!B2:B45")), 0 ), _xlpm.colMatch, MATCH( TRIM(P$3), TRIM(INDIRECT(_xlpm.sheet & "!C1:M1")), 0 ), _xlpm.val, IFERROR(INDEX(INDIRECT(_xlpm.sheet & "!C2:M100"), _xlpm.rowMatch, _xlpm.colMatch), ""), IF(_xlpm.val="", "", _xlpm.val) )} -> 0.0174 | Q6: {=_xlfn.LET( _xlpm.sheet, $D$2, _xlpm.rowMatch, MATCH( TRIM($D6)&"|"&TRIM($C6), TRIM(INDIRECT(_xlpm.sheet & "!A2:A45")) & "|" & TRIM(INDIRECT(_xlpm.sheet & "!B2:B45")), 0 ), _xlpm.colMatch, MATCH( TRIM(Q$3), TRIM(INDIRECT(_xlpm.sheet & "!C1:N1")), 0 ), _xlpm.val, IFERROR(INDEX(INDIRECT(_xlpm.sheet & "!C2:N100"), _xlpm.rowMatch, _xlpm.colMatch), ""), IF(_xlpm.val="", "", _xlpm.val) )} -> 0.9985
B7: {=IFERROR( IF( MOD(ROW()-ROW($B$4), COUNTA(使用方法!$B:$B)) = 0, IF(INDEX(使用方法!$A:$A, INT((ROW()-ROW($B$4))/COUNTA(使用方法!$B:$B))+1) = "", "", INDEX(使用方法!$A:$A, INT((ROW()-ROW($B$4))/COUNTA(使用方法!$B:$B))+1) ), "" ), "")} | C7: =IF(B7<>"", B7, C6) -> LogisticRegression | D7: Lasso (a=1e-6) | F7: {=_xlfn.LET( _xlpm.sheet, $D$2, _xlpm.rowMatch, MATCH( TRIM($D7)&"|"&TRIM($C7), TRIM(INDIRECT(_xlpm.sheet & "!A2:A45")) & "|" & TRIM(INDIRECT(_xlpm.sheet & "!B2:B45")), 0 ), _xlpm.colMatch, MATCH( TRIM(F$3), TRIM(INDIRECT(_xlpm.sheet & "!C1:M1")), 0 ), _xlpm.val, IFERROR(INDEX(INDIRECT(_xlpm.sheet & "!C2:M100"), _xlpm.rowMatch, _xlpm.colMatch), ""), IF(_xlpm.val="", "", _xlpm.val) )} -> 0 | G7: {=_xlfn.LET( _xlpm.sheet, $D$2, _xlpm.rowMatch, MATCH( TRIM($D7)&"|"&TRIM($C7), TRIM(INDIRECT(_xlpm.sheet & "!A2:A45")) & "|" & TRIM(INDIRECT(_xlpm.sheet & "!B2:B45")), 0 ), _xlpm.colMatch, MATCH( TRIM(G$3), TRIM(INDIRECT(_xlpm.sheet & "!C1:M1")), 0 ), _xlpm.val, IFERROR(INDEX(INDIRECT(_xlpm.sheet & "!C2:M100"), _xlpm.rowMatch, _xlpm.colMatch), ""), IF(_xlpm.val="", "", _xlpm.val) )} -> 0 | H7: {=_xlfn.LET( _xlpm.sheet, $D$2, _xlpm.rowMatch, MATCH( TRIM($D7)&"|"&TRIM($C7), TRIM(INDIRECT(_xlpm.sheet & "!A2:A45")) & "|" & TRIM(INDIRECT(_xlpm.sheet & "!B2:B45")), 0 ), _xlpm.colMatch, MATCH( TRIM(H$3), TRIM(INDIRECT(_xlpm.sheet & "!C1:M1")), 0 ), _xlpm.val, IFERROR(INDEX(INDIRECT(_xlpm.sheet & "!C2:M100"), _xlpm.rowMatch, _xlpm.colMatch), ""), IF(_xlpm.val="", "", _xlpm.val) )} -> 0 | I7: {=_xlfn.LET( _xlpm.sheet, $D$2, _xlpm.rowMatch, MATCH( TRIM($D7)&"|"&TRIM($C7), TRIM(INDIRECT(_xlpm.sheet & "!A2:A45")) & "|" & TRIM(INDIRECT(_xlpm.sheet & "!B2:B45")), 0 ), _xlpm.colMatch, MATCH( TRIM(I$3), TRIM(INDIRECT(_xlpm.sheet & "!C1:M1")), 0 ), _xlpm.val, IFERROR(INDEX(INDIRECT(_xlpm.sheet & "!C2:M100"), _xlpm.rowMatch, _xlpm.colMatch), ""), IF(_xlpm.val="", "", _xlpm.val) )} -> 0.8870 | J7: {=_xlfn.LET( _xlpm.sheet, $D$2, _xlpm.rowMatch, MATCH( TRIM($D7)&"|"&TRIM($C7), TRIM(INDIRECT(_xlpm.sheet & "!A2:A45")) & "|" & TRIM(INDIRECT(_xlpm.sheet & "!B2:B45")), 0 ), _xlpm.colMatch, MATCH( TRIM(J$3), TRIM(INDIRECT(_xlpm.sheet & "!C1:M1")), 0 ), _xlpm.val, IFERROR(INDEX(INDIRECT(_xlpm.sheet & "!C2:M100"), _xlpm.rowMatch, _xlpm.colMatch), ""), IF(_xlpm.val="", "", _xlpm.val) )} -> 0.0168 | K7: {=_xlfn.LET( _xlpm.sheet, $D$2, _xlpm.rowMatch, MATCH( TRIM($D7)&"|"&TRIM($C7), TRIM(INDIRECT(_xlpm.sheet & "!A2:A45")) & "|" & TRIM(INDIRECT(_xlpm.sheet & "!B2:B45")), 0 ), _xlpm.colMatch, MATCH( TRIM(K$3), TRIM(INDIRECT(_xlpm.sheet & "!C1:M1")), 0 ), _xlpm.val, IFERROR(INDEX(INDIRECT(_xlpm.sheet & "!C2:M100"), _xlpm.rowMatch, _xlpm.colMatch), ""), IF(_xlpm.val="", "", _xlpm.val) )} -> 0.9985 | L7: {=_xlfn.LET( _xlpm.sheet, $D$2, _xlpm.rowMatch, MATCH( TRIM($D7)&"|"&TRIM($C7), TRIM(INDIRECT(_xlpm.sheet & "!A2:A45")) & "|" & TRIM(INDIRECT(_xlpm.sheet & "!B2:B45")), 0 ), _xlpm.colMatch, MATCH( TRIM(L$3), TRIM(INDIRECT(_xlpm.sheet & "!C1:M1")), 0 ), _xlpm.val, IFERROR(INDEX(INDIRECT(_xlpm.sheet & "!C2:M100"), _xlpm.rowMatch, _xlpm.colMatch), ""), IF(_xlpm.val="", "", _xlpm.val) )} -> 0 | M7: {=_xlfn.LET( _xlpm.sheet, $D$2, _xlpm.rowMatch, MATCH( TRIM($D7)&"|"&TRIM($C7), TRIM(INDIRECT(_xlpm.sheet & "!A2:A45")) & "|" & TRIM(INDIRECT(_xlpm.sheet & "!B2:B45")), 0 ), _xlpm.colMatch, MATCH( TRIM(M$3), TRIM(INDIRECT(_xlpm.sheet & "!C1:M1")), 0 ), _xlpm.val, IFERROR(INDEX(INDIRECT(_xlpm.sheet & "!C2:M100"), _xlpm.rowMatch, _xlpm.colMatch), ""), IF(_xlpm.val="", "", _xlpm.val) )} -> 0 | ... P7: {=_xlfn.LET( _xlpm.sheet, $D$2, _xlpm.rowMatch, MATCH( TRIM($D7)&"|"&TRIM($C7), TRIM(INDIRECT(_xlpm.sheet & "!A2:A45")) & "|" & TRIM(INDIRECT(_xlpm.sheet & "!B2:B45")), 0 ), _xlpm.colMatch, MATCH( TRIM(P$3), TRIM(INDIRECT(_xlpm.sheet & "!C1:M1")), 0 ), _xlpm.val, IFERROR(INDEX(INDIRECT(_xlpm.sheet & "!C2:M100"), _xlpm.rowMatch, _xlpm.colMatch), ""), IF(_xlpm.val="", "", _xlpm.val) )} -> 0.017 | Q7: {=_xlfn.LET( _xlpm.sheet, $D$2, _xlpm.rowMatch, MATCH( TRIM($D7)&"|"&TRIM($C7), TRIM(INDIRECT(_xlpm.sheet & "!A2:A45")) & "|" & TRIM(INDIRECT(_xlpm.sheet & "!B2:B45")), 0 ), _xlpm.colMatch, MATCH( TRIM(Q$3), TRIM(INDIRECT(_xlpm.sheet & "!C1:N1")), 0 ), _xlpm.val, IFERROR(INDEX(INDIRECT(_xlpm.sheet & "!C2:N100"), _xlpm.rowMatch, _xlpm.colMatch), ""), IF(_xlpm.val="", "", _xlpm.val) )} -> 0.9985
B8: {=IFERROR( IF( MOD(ROW()-ROW($B$4), COUNTA(使用方法!$B:$B)) = 0, IF(INDEX(使用方法!$A:$A, INT((ROW()-ROW($B$4))/COUNTA(使用方法!$B:$B))+1) = "", "", INDEX(使用方法!$A:$A, INT((ROW()-ROW($B$4))/COUNTA(使用方法!$B:$B))+1) ), "" ), "")} | C8: =IF(B8<>"", B8, C7) -> LogisticRegression | D8: Ridge (a=1e2) | F8: {=_xlfn.LET( _xlpm.sheet, $D$2, _xlpm.rowMatch, MATCH( TRIM($D8)&"|"&TRIM($C8), TRIM(INDIRECT(_xlpm.sheet & "!A2:A45")) & "|" & TRIM(INDIRECT(_xlpm.sheet & "!B2:B45")), 0 ), _xlpm.colMatch, MATCH( TRIM(F$3), TRIM(INDIRECT(_xlpm.sheet & "!C1:M1")), 0 ), _xlpm.val, IFERROR(INDEX(INDIRECT(_xlpm.sheet & "!C2:M100"), _xlpm.rowMatch, _xlpm.colMatch), ""), IF(_xlpm.val="", "", _xlpm.val) )} -> 0 | G8: {=_xlfn.LET( _xlpm.sheet, $D$2, _xlpm.rowMatch, MATCH( TRIM($D8)&"|"&TRIM($C8), TRIM(INDIRECT(_xlpm.sheet & "!A2:A45")) & "|" & TRIM(INDIRECT(_xlpm.sheet & "!B2:B45")), 0 ), _xlpm.colMatch, MATCH( TRIM(G$3), TRIM(INDIRECT(_xlpm.sheet & "!C1:M1")), 0 ), _xlpm.val, IFERROR(INDEX(INDIRECT(_xlpm.sheet & "!C2:M100"), _xlpm.rowMatch, _xlpm.colMatch), ""), IF(_xlpm.val="", "", _xlpm.val) )} -> 0 | H8: {=_xlfn.LET( _xlpm.sheet, $D$2, _xlpm.rowMatch, MATCH( TRIM($D8)&"|"&TRIM($C8), TRIM(INDIRECT(_xlpm.sheet & "!A2:A45")) & "|" & TRIM(INDIRECT(_xlpm.sheet & "!B2:B45")), 0 ), _xlpm.colMatch, MATCH( TRIM(H$3), TRIM(INDIRECT(_xlpm.sheet & "!C1:M1")), 0 ), _xlpm.val, IFERROR(INDEX(INDIRECT(_xlpm.sheet & "!C2:M100"), _xlpm.rowMatch, _xlpm.colMatch), ""), IF(_xlpm.val="", "", _xlpm.val) )} -> 0 | I8: {=_xlfn.LET( _xlpm.sheet, $D$2, _xlpm.rowMatch, MATCH( TRIM($D8)&"|"&TRIM($C8), TRIM(INDIRECT(_xlpm.sheet & "!A2:A45")) & "|" & TRIM(INDIRECT(_xlpm.sheet & "!B2:B45")), 0 ), _xlpm.colMatch, MATCH( TRIM(I$3), TRIM(INDIRECT(_xlpm.sheet & "!C1:M1")), 0 ), _xlpm.val, IFERROR(INDEX(INDIRECT(_xlpm.sheet & "!C2:M100"), _xlpm.rowMatch, _xlpm.colMatch), ""), IF(_xlpm.val="", "", _xlpm.val) )} -> 0.8650 | J8: {=_xlfn.LET( _xlpm.sheet, $D$2, _xlpm.rowMatch, MATCH( TRIM($D8)&"|"&TRIM($C8), TRIM(INDIRECT(_xlpm.sheet & "!A2:A45")) & "|" & TRIM(INDIRECT(_xlpm.sheet & "!B2:B45")), 0 ), _xlpm.colMatch, MATCH( TRIM(J$3), TRIM(INDIRECT(_xlpm.sheet & "!C1:M1")), 0 ), _xlpm.val, IFERROR(INDEX(INDIRECT(_xlpm.sheet & "!C2:M100"), _xlpm.rowMatch, _xlpm.colMatch), ""), IF(_xlpm.val="", "", _xlpm.val) )} -> 0.0132 | K8: {=_xlfn.LET( _xlpm.sheet, $D$2, _xlpm.rowMatch, MATCH( TRIM($D8)&"|"&TRIM($C8), TRIM(INDIRECT(_xlpm.sheet & "!A2:A45")) & "|" & TRIM(INDIRECT(_xlpm.sheet & "!B2:B45")), 0 ), _xlpm.colMatch, MATCH( TRIM(K$3), TRIM(INDIRECT(_xlpm.sheet & "!C1:M1")), 0 ), _xlpm.val, IFERROR(INDEX(INDIRECT(_xlpm.sheet & "!C2:M100"), _xlpm.rowMatch, _xlpm.colMatch), ""), IF(_xlpm.val="", "", _xlpm.val) )} -> 0.9985 | L8: {=_xlfn.LET( _xlpm.sheet, $D$2, _xlpm.rowMatch, MATCH( TRIM($D8)&"|"&TRIM($C8), TRIM(INDIRECT(_xlpm.sheet & "!A2:A45")) & "|" & TRIM(INDIRECT(_xlpm.sheet & "!B2:B45")), 0 ), _xlpm.colMatch, MATCH( TRIM(L$3), TRIM(INDIRECT(_xlpm.sheet & "!C1:M1")), 0 ), _xlpm.val, IFERROR(INDEX(INDIRECT(_xlpm.sheet & "!C2:M100"), _xlpm.rowMatch, _xlpm.colMatch), ""), IF(_xlpm.val="", "", _xlpm.val) )} -> 0 | M8: {=_xlfn.LET( _xlpm.sheet, $D$2, _xlpm.rowMatch, MATCH( TRIM($D8)&"|"&TRIM($C8), TRIM(INDIRECT(_xlpm.sheet & "!A2:A45")) & "|" & TRIM(INDIRECT(_xlpm.sheet & "!B2:B45")), 0 ), _xlpm.colMatch, MATCH( TRIM(M$3), TRIM(INDIRECT(_xlpm.sheet & "!C1:M1")), 0 ), _xlpm.val, IFERROR(INDEX(INDIRECT(_xlpm.sheet & "!C2:M100"), _xlpm.rowMatch, _xlpm.colMatch), ""), IF(_xlpm.val="", "", _xlpm.val) )} -> 0 | ... P8: {=_xlfn.LET( _xlpm.sheet, $D$2, _xlpm.rowMatch, MATCH( TRIM($D8)&"|"&TRIM($C8), TRIM(INDIRECT(_xlpm.sheet & "!A2:A45")) & "|" & TRIM(INDIRECT(_xlpm.sheet & "!B2:B45")), 0 ), _xlpm.colMatch, MATCH( TRIM(P$3), TRIM(INDIRECT(_xlpm.sheet & "!C1:M1")), 0 ), _xlpm.val, IFERROR(INDEX(INDIRECT(_xlpm.sheet & "!C2:M100"), _xlpm.rowMatch, _xlpm.colMatch), ""), IF(_xlpm.val="", "", _xlpm.val) )} -> 0.0133 | Q8: {=_xlfn.LET( _xlpm.sheet, $D$2, _xlpm.rowMatch, MATCH( TRIM($D8)&"|"&TRIM($C8), TRIM(INDIRECT(_xlpm.sheet & "!A2:A45")) & "|" & TRIM(INDIRECT(_xlpm.sheet & "!B2:B45")), 0 ), _xlpm.colMatch, MATCH( TRIM(Q$3), TRIM(INDIRECT(_xlpm.sheet & "!C1:N1")), 0 ), _xlpm.val, IFERROR(INDEX(INDIRECT(_xlpm.sheet & "!C2:N100"), _xlpm.rowMatch, _xlpm.colMatch), ""), IF(_xlpm.val="", "", _xlpm.val) )} -> 0.9985
B9: {=IFERROR( IF( MOD(ROW()-ROW($B$4), COUNTA(使用方法!$B:$B)) = 0, IF(INDEX(使用方法!$A:$A, INT((ROW()-ROW($B$4))/COUNTA(使用方法!$B:$B))+1) = "", "", INDEX(使用方法!$A:$A, INT((ROW()-ROW($B$4))/COUNTA(使用方法!$B:$B))+1) ), "" ), "")} | C9: =IF(B9<>"", B9, C8) -> LogisticRegression | D9: Ridge (a=1e3) | F9: {=_xlfn.LET( _xlpm.sheet, $D$2, _xlpm.rowMatch, MATCH( TRIM($D9)&"|"&TRIM($C9), TRIM(INDIRECT(_xlpm.sheet & "!A2:A45")) & "|" & TRIM(INDIRECT(_xlpm.sheet & "!B2:B45")), 0 ), _xlpm.colMatch, MATCH( TRIM(F$3), TRIM(INDIRECT(_xlpm.sheet & "!C1:M1")), 0 ), _xlpm.val, IFERROR(INDEX(INDIRECT(_xlpm.sheet & "!C2:M100"), _xlpm.rowMatch, _xlpm.colMatch), ""), IF(_xlpm.val="", "", _xlpm.val) )} -> 0 | G9: {=_xlfn.LET( _xlpm.sheet, $D$2, _xlpm.rowMatch, MATCH( TRIM($D9)&"|"&TRIM($C9), TRIM(INDIRECT(_xlpm.sheet & "!A2:A45")) & "|" & TRIM(INDIRECT(_xlpm.sheet & "!B2:B45")), 0 ), _xlpm.colMatch, MATCH( TRIM(G$3), TRIM(INDIRECT(_xlpm.sheet & "!C1:M1")), 0 ), _xlpm.val, IFERROR(INDEX(INDIRECT(_xlpm.sheet & "!C2:M100"), _xlpm.rowMatch, _xlpm.colMatch), ""), IF(_xlpm.val="", "", _xlpm.val) )} -> 0 | H9: {=_xlfn.LET( _xlpm.sheet, $D$2, _xlpm.rowMatch, MATCH( TRIM($D9)&"|"&TRIM($C9), TRIM(INDIRECT(_xlpm.sheet & "!A2:A45")) & "|" & TRIM(INDIRECT(_xlpm.sheet & "!B2:B45")), 0 ), _xlpm.colMatch, MATCH( TRIM(H$3), TRIM(INDIRECT(_xlpm.sheet & "!C1:M1")), 0 ), _xlpm.val, IFERROR(INDEX(INDIRECT(_xlpm.sheet & "!C2:M100"), _xlpm.rowMatch, _xlpm.colMatch), ""), IF(_xlpm.val="", "", _xlpm.val) )} -> 0 | I9: {=_xlfn.LET( _xlpm.sheet, $D$2, _xlpm.rowMatch, MATCH( TRIM($D9)&"|"&TRIM($C9), TRIM(INDIRECT(_xlpm.sheet & "!A2:A45")) & "|" & TRIM(INDIRECT(_xlpm.sheet & "!B2:B45")), 0 ), _xlpm.colMatch, MATCH( TRIM(I$3), TRIM(INDIRECT(_xlpm.sheet & "!C1:M1")), 0 ), _xlpm.val, IFERROR(INDEX(INDIRECT(_xlpm.sheet & "!C2:M100"), _xlpm.rowMatch, _xlpm.colMatch), ""), IF(_xlpm.val="", "", _xlpm.val) )} -> 0.8650 | J9: {=_xlfn.LET( _xlpm.sheet, $D$2, _xlpm.rowMatch, MATCH( TRIM($D9)&"|"&TRIM($C9), TRIM(INDIRECT(_xlpm.sheet & "!A2:A45")) & "|" & TRIM(INDIRECT(_xlpm.sheet & "!B2:B45")), 0 ), _xlpm.colMatch, MATCH( TRIM(J$3), TRIM(INDIRECT(_xlpm.sheet & "!C1:M1")), 0 ), _xlpm.val, IFERROR(INDEX(INDIRECT(_xlpm.sheet & "!C2:M100"), _xlpm.rowMatch, _xlpm.colMatch), ""), IF(_xlpm.val="", "", _xlpm.val) )} -> 0.0132 | K9: {=_xlfn.LET( _xlpm.sheet, $D$2, _xlpm.rowMatch, MATCH( TRIM($D9)&"|"&TRIM($C9), TRIM(INDIRECT(_xlpm.sheet & "!A2:A45")) & "|" & TRIM(INDIRECT(_xlpm.sheet & "!B2:B45")), 0 ), _xlpm.colMatch, MATCH( TRIM(K$3), TRIM(INDIRECT(_xlpm.sheet & "!C1:M1")), 0 ), _xlpm.val, IFERROR(INDEX(INDIRECT(_xlpm.sheet & "!C2:M100"), _xlpm.rowMatch, _xlpm.colMatch), ""), IF(_xlpm.val="", "", _xlpm.val) )} -> 0.9985 | L9: {=_xlfn.LET( _xlpm.sheet, $D$2, _xlpm.rowMatch, MATCH( TRIM($D9)&"|"&TRIM($C9), TRIM(INDIRECT(_xlpm.sheet & "!A2:A45")) & "|" & TRIM(INDIRECT(_xlpm.sheet & "!B2:B45")), 0 ), _xlpm.colMatch, MATCH( TRIM(L$3), TRIM(INDIRECT(_xlpm.sheet & "!C1:M1")), 0 ), _xlpm.val, IFERROR(INDEX(INDIRECT(_xlpm.sheet & "!C2:M100"), _xlpm.rowMatch, _xlpm.colMatch), ""), IF(_xlpm.val="", "", _xlpm.val) )} -> 0 | M9: {=_xlfn.LET( _xlpm.sheet, $D$2, _xlpm.rowMatch, MATCH( TRIM($D9)&"|"&TRIM($C9), TRIM(INDIRECT(_xlpm.sheet & "!A2:A45")) & "|" & TRIM(INDIRECT(_xlpm.sheet & "!B2:B45")), 0 ), _xlpm.colMatch, MATCH( TRIM(M$3), TRIM(INDIRECT(_xlpm.sheet & "!C1:M1")), 0 ), _xlpm.val, IFERROR(INDEX(INDIRECT(_xlpm.sheet & "!C2:M100"), _xlpm.rowMatch, _xlpm.colMatch), ""), IF(_xlpm.val="", "", _xlpm.val) )} -> 0 | ... P9: {=_xlfn.LET( _xlpm.sheet, $D$2, _xlpm.rowMatch, MATCH( TRIM($D9)&"|"&TRIM($C9), TRIM(INDIRECT(_xlpm.sheet & "!A2:A45")) & "|" & TRIM(INDIRECT(_xlpm.sheet & "!B2:B45")), 0 ), _xlpm.colMatch, MATCH( TRIM(P$3), TRIM(INDIRECT(_xlpm.sheet & "!C1:M1")), 0 ), _xlpm.val, IFERROR(INDEX(INDIRECT(_xlpm.sheet & "!C2:M100"), _xlpm.rowMatch, _xlpm.colMatch), ""), IF(_xlpm.val="", "", _xlpm.val) )} -> 0.0133 | Q9: {=_xlfn.LET( _xlpm.sheet, $D$2, _xlpm.rowMatch, MATCH( TRIM($D9)&"|"&TRIM($C9), TRIM(INDIRECT(_xlpm.sheet & "!A2:A45")) & "|" & TRIM(INDIRECT(_xlpm.sheet & "!B2:B45")), 0 ), _xlpm.colMatch, MATCH( TRIM(Q$3), TRIM(INDIRECT(_xlpm.sheet & "!C1:N1")), 0 ), _xlpm.val, IFERROR(INDEX(INDIRECT(_xlpm.sheet & "!C2:N100"), _xlpm.rowMatch, _xlpm.colMatch), ""), IF(_xlpm.val="", "", _xlpm.val) )} -> 0.9985
B10: {=IFERROR( IF( MOD(ROW()-ROW($B$4), COUNTA(使用方法!$B:$B)) = 0, IF(INDEX(使用方法!$A:$A, INT((ROW()-ROW($B$4))/COUNTA(使用方法!$B:$B))+1) = "", "", INDEX(使用方法!$A:$A, INT((ROW()-ROW($B$4))/COUNTA(使用方法!$B:$B))+1) ), "" ), "")} | C10: =IF(B10<>"", B10, C9) -> LogisticRegression | D10: Ridge (a=1e4) | F10: {=_xlfn.LET( _xlpm.sheet, $D$2, _xlpm.rowMatch, MATCH( TRIM($D10)&"|"&TRIM($C10), TRIM(INDIRECT(_xlpm.sheet & "!A2:A45")) & "|" & TRIM(INDIRECT(_xlpm.sheet & "!B2:B45")), 0 ), _xlpm.colMatch, MATCH( TRIM(F$3), TRIM(INDIRECT(_xlpm.sheet & "!C1:M1")), 0 ), _xlpm.val, IFERROR(INDEX(INDIRECT(_xlpm.sheet & "!C2:M100"), _xlpm.rowMatch, _xlpm.colMatch), ""), IF(_xlpm.val="", "", _xlpm.val) )} -> 0 | G10: {=_xlfn.LET( _xlpm.sheet, $D$2, _xlpm.rowMatch, MATCH( TRIM($D10)&"|"&TRIM($C10), TRIM(INDIRECT(_xlpm.sheet & "!A2:A45")) & "|" & TRIM(INDIRECT(_xlpm.sheet & "!B2:B45")), 0 ), _xlpm.colMatch, MATCH( TRIM(G$3), TRIM(INDIRECT(_xlpm.sheet & "!C1:M1")), 0 ), _xlpm.val, IFERROR(INDEX(INDIRECT(_xlpm.sheet & "!C2:M100"), _xlpm.rowMatch, _xlpm.colMatch), ""), IF(_xlpm.val="", "", _xlpm.val) )} -> 0 | H10: {=_xlfn.LET( _xlpm.sheet, $D$2, _xlpm.rowMatch, MATCH( TRIM($D10)&"|"&TRIM($C10), TRIM(INDIRECT(_xlpm.sheet & "!A2:A45")) & "|" & TRIM(INDIRECT(_xlpm.sheet & "!B2:B45")), 0 ), _xlpm.colMatch, MATCH( TRIM(H$3), TRIM(INDIRECT(_xlpm.sheet & "!C1:M1")), 0 ), _xlpm.val, IFERROR(INDEX(INDIRECT(_xlpm.sheet & "!C2:M100"), _xlpm.rowMatch, _xlpm.colMatch), ""), IF(_xlpm.val="", "", _xlpm.val) )} -> 0 | I10: {=_xlfn.LET( _xlpm.sheet, $D$2, _xlpm.rowMatch, MATCH( TRIM($D10)&"|"&TRIM($C10), TRIM(INDIRECT(_xlpm.sheet & "!A2:A45")) & "|" & TRIM(INDIRECT(_xlpm.sheet & "!B2:B45")), 0 ), _xlpm.colMatch, MATCH( TRIM(I$3), TRIM(INDIRECT(_xlpm.sheet & "!C1:M1")), 0 ), _xlpm.val, IFERROR(INDEX(INDIRECT(_xlpm.sheet & "!C2:M100"), _xlpm.rowMatch, _xlpm.colMatch), ""), IF(_xlpm.val="", "", _xlpm.val) )} -> 0.8897 | J10: {=_xlfn.LET( _xlpm.sheet, $D$2, _xlpm.rowMatch, MATCH( TRIM($D10)&"|"&TRIM($C10), TRIM(INDIRECT(_xlpm.sheet & "!A2:A45")) & "|" & TRIM(INDIRECT(_xlpm.sheet & "!B2:B45")), 0 ), _xlpm.colMatch, MATCH( TRIM(J$3), TRIM(INDIRECT(_xlpm.sheet & "!C1:M1")), 0 ), _xlpm.val, IFERROR(INDEX(INDIRECT(_xlpm.sheet & "!C2:M100"), _xlpm.rowMatch, _xlpm.colMatch), ""), IF(_xlpm.val="", "", _xlpm.val) )} -> 0.0179 | K10: {=_xlfn.LET( _xlpm.sheet, $D$2, _xlpm.rowMatch, MATCH( TRIM($D10)&"|"&TRIM($C10), TRIM(INDIRECT(_xlpm.sheet & "!A2:A45")) & "|" & TRIM(INDIRECT(_xlpm.sheet & "!B2:B45")), 0 ), _xlpm.colMatch, MATCH( TRIM(K$3), TRIM(INDIRECT(_xlpm.sheet & "!C1:M1")), 0 ), _xlpm.val, IFERROR(INDEX(INDIRECT(_xlpm.sheet & "!C2:M100"), _xlpm.rowMatch, _xlpm.colMatch), ""), IF(_xlpm.val="", "", _xlpm.val) )} -> 0.9985 | L10: {=_xlfn.LET( _xlpm.sheet, $D$2, _xlpm.rowMatch, MATCH( TRIM($D10)&"|"&TRIM($C10), TRIM(INDIRECT(_xlpm.sheet & "!A2:A45")) & "|" & TRIM(INDIRECT(_xlpm.sheet & "!B2:B45")), 0 ), _xlpm.colMatch, MATCH( TRIM(L$3), TRIM(INDIRECT(_xlpm.sheet & "!C1:M1")), 0 ), _xlpm.val, IFERROR(INDEX(INDIRECT(_xlpm.sheet & "!C2:M100"), _xlpm.rowMatch, _xlpm.colMatch), ""), IF(_xlpm.val="", "", _xlpm.val) )} -> 0 | M10: {=_xlfn.LET( _xlpm.sheet, $D$2, _xlpm.rowMatch, MATCH( TRIM($D10)&"|"&TRIM($C10), TRIM(INDIRECT(_xlpm.sheet & "!A2:A45")) & "|" & TRIM(INDIRECT(_xlpm.sheet & "!B2:B45")), 0 ), _xlpm.colMatch, MATCH( TRIM(M$3), TRIM(INDIRECT(_xlpm.sheet & "!C1:M1")), 0 ), _xlpm.val, IFERROR(INDEX(INDIRECT(_xlpm.sheet & "!C2:M100"), _xlpm.rowMatch, _xlpm.colMatch), ""), IF(_xlpm.val="", "", _xlpm.val) )} -> 0 | ... P10: {=_xlfn.LET( _xlpm.sheet, $D$2, _xlpm.rowMatch, MATCH( TRIM($D10)&"|"&TRIM($C10), TRIM(INDIRECT(_xlpm.sheet & "!A2:A45")) & "|" & TRIM(INDIRECT(_xlpm.sheet & "!B2:B45")), 0 ), _xlpm.colMatch, MATCH( TRIM(P$3), TRIM(INDIRECT(_xlpm.sheet & "!C1:M1")), 0 ), _xlpm.val, IFERROR(INDEX(INDIRECT(_xlpm.sheet & "!C2:M100"), _xlpm.rowMatch, _xlpm.colMatch), ""), IF(_xlpm.val="", "", _xlpm.val) )} -> 0.0182 | Q10: {=_xlfn.LET( _xlpm.sheet, $D$2, _xlpm.rowMatch, MATCH( TRIM($D10)&"|"&TRIM($C10), TRIM(INDIRECT(_xlpm.sheet & "!A2:A45")) & "|" & TRIM(INDIRECT(_xlpm.sheet & "!B2:B45")), 0 ), _xlpm.colMatch, MATCH( TRIM(Q$3), TRIM(INDIRECT(_xlpm.sheet & "!C1:N1")), 0 ), _xlpm.val, IFERROR(INDEX(INDIRECT(_xlpm.sheet & "!C2:N100"), _xlpm.rowMatch, _xlpm.colMatch), ""), IF(_xlpm.val="", "", _xlpm.val) )} -> 0.9985
B11: {=IFERROR( IF( MOD(ROW()-ROW($B$4), COUNTA(使用方法!$B:$B)) = 0, IF(INDEX(使用方法!$A:$A, INT((ROW()-ROW($B$4))/COUNTA(使用方法!$B:$B))+1) = "", "", INDEX(使用方法!$A:$A, INT((ROW()-ROW($B$4))/COUNTA(使用方法!$B:$B))+1) ), "" ), "")} | C11: =IF(B11<>"", B11, C10) -> LogisticRegression | D11: Ridge (a=1e5) | F11: {=_xlfn.LET( _xlpm.sheet, $D$2, _xlpm.rowMatch, MATCH( TRIM($D11)&"|"&TRIM($C11), TRIM(INDIRECT(_xlpm.sheet & "!A2:A45")) & "|" & TRIM(INDIRECT(_xlpm.sheet & "!B2:B45")), 0 ), _xlpm.colMatch, MATCH( TRIM(F$3), TRIM(INDIRECT(_xlpm.sheet & "!C1:M1")), 0 ), _xlpm.val, IFERROR(INDEX(INDIRECT(_xlpm.sheet & "!C2:M100"), _xlpm.rowMatch, _xlpm.colMatch), ""), IF(_xlpm.val="", "", _xlpm.val) )} -> 0 | G11: {=_xlfn.LET( _xlpm.sheet, $D$2, _xlpm.rowMatch, MATCH( TRIM($D11)&"|"&TRIM($C11), TRIM(INDIRECT(_xlpm.sheet & "!A2:A45")) & "|" & TRIM(INDIRECT(_xlpm.sheet & "!B2:B45")), 0 ), _xlpm.colMatch, MATCH( TRIM(G$3), TRIM(INDIRECT(_xlpm.sheet & "!C1:M1")), 0 ), _xlpm.val, IFERROR(INDEX(INDIRECT(_xlpm.sheet & "!C2:M100"), _xlpm.rowMatch, _xlpm.colMatch), ""), IF(_xlpm.val="", "", _xlpm.val) )} -> 0 | H11: {=_xlfn.LET( _xlpm.sheet, $D$2, _xlpm.rowMatch, MATCH( TRIM($D11)&"|"&TRIM($C11), TRIM(INDIRECT(_xlpm.sheet & "!A2:A45")) & "|" & TRIM(INDIRECT(_xlpm.sheet & "!B2:B45")), 0 ), _xlpm.colMatch, MATCH( TRIM(H$3), TRIM(INDIRECT(_xlpm.sheet & "!C1:M1")), 0 ), _xlpm.val, IFERROR(INDEX(INDIRECT(_xlpm.sheet & "!C2:M100"), _xlpm.rowMatch, _xlpm.colMatch), ""), IF(_xlpm.val="", "", _xlpm.val) )} -> 0 | I11: {=_xlfn.LET( _xlpm.sheet, $D$2, _xlpm.rowMatch, MATCH( TRIM($D11)&"|"&TRIM($C11), TRIM(INDIRECT(_xlpm.sheet & "!A2:A45")) & "|" & TRIM(INDIRECT(_xlpm.sheet & "!B2:B45")), 0 ), _xlpm.colMatch, MATCH( TRIM(I$3), TRIM(INDIRECT(_xlpm.sheet & "!C1:M1")), 0 ), _xlpm.val, IFERROR(INDEX(INDIRECT(_xlpm.sheet & "!C2:M100"), _xlpm.rowMatch, _xlpm.colMatch), ""), IF(_xlpm.val="", "", _xlpm.val) )} -> 0.8893 | J11: {=_xlfn.LET( _xlpm.sheet, $D$2, _xlpm.rowMatch, MATCH( TRIM($D11)&"|"&TRIM($C11), TRIM(INDIRECT(_xlpm.sheet & "!A2:A45")) & "|" & TRIM(INDIRECT(_xlpm.sheet & "!B2:B45")), 0 ), _xlpm.colMatch, MATCH( TRIM(J$3), TRIM(INDIRECT(_xlpm.sheet & "!C1:M1")), 0 ), _xlpm.val, IFERROR(INDEX(INDIRECT(_xlpm.sheet & "!C2:M100"), _xlpm.rowMatch, _xlpm.colMatch), ""), IF(_xlpm.val="", "", _xlpm.val) )} -> 0.0183 | K11: {=_xlfn.LET( _xlpm.sheet, $D$2, _xlpm.rowMatch, MATCH( TRIM($D11)&"|"&TRIM($C11), TRIM(INDIRECT(_xlpm.sheet & "!A2:A45")) & "|" & TRIM(INDIRECT(_xlpm.sheet & "!B2:B45")), 0 ), _xlpm.colMatch, MATCH( TRIM(K$3), TRIM(INDIRECT(_xlpm.sheet & "!C1:M1")), 0 ), _xlpm.val, IFERROR(INDEX(INDIRECT(_xlpm.sheet & "!C2:M100"), _xlpm.rowMatch, _xlpm.colMatch), ""), IF(_xlpm.val="", "", _xlpm.val) )} -> 0.9985 | L11: {=_xlfn.LET( _xlpm.sheet, $D$2, _xlpm.rowMatch, MATCH( TRIM($D11)&"|"&TRIM($C11), TRIM(INDIRECT(_xlpm.sheet & "!A2:A45")) & "|" & TRIM(INDIRECT(_xlpm.sheet & "!B2:B45")), 0 ), _xlpm.colMatch, MATCH( TRIM(L$3), TRIM(INDIRECT(_xlpm.sheet & "!C1:M1")), 0 ), _xlpm.val, IFERROR(INDEX(INDIRECT(_xlpm.sheet & "!C2:M100"), _xlpm.rowMatch, _xlpm.colMatch), ""), IF(_xlpm.val="", "", _xlpm.val) )} -> 0 | M11: {=_xlfn.LET( _xlpm.sheet, $D$2, _xlpm.rowMatch, MATCH( TRIM($D11)&"|"&TRIM($C11), TRIM(INDIRECT(_xlpm.sheet & "!A2:A45")) & "|" & TRIM(INDIRECT(_xlpm.sheet & "!B2:B45")), 0 ), _xlpm.colMatch, MATCH( TRIM(M$3), TRIM(INDIRECT(_xlpm.sheet & "!C1:M1")), 0 ), _xlpm.val, IFERROR(INDEX(INDIRECT(_xlpm.sheet & "!C2:M100"), _xlpm.rowMatch, _xlpm.colMatch), ""), IF(_xlpm.val="", "", _xlpm.val) )} -> 0 | ... P11: {=_xlfn.LET( _xlpm.sheet, $D$2, _xlpm.rowMatch, MATCH( TRIM($D11)&"|"&TRIM($C11), TRIM(INDIRECT(_xlpm.sheet & "!A2:A45")) & "|" & TRIM(INDIRECT(_xlpm.sheet & "!B2:B45")), 0 ), _xlpm.colMatch, MATCH( TRIM(P$3), TRIM(INDIRECT(_xlpm.sheet & "!C1:M1")), 0 ), _xlpm.val, IFERROR(INDEX(INDIRECT(_xlpm.sheet & "!C2:M100"), _xlpm.rowMatch, _xlpm.colMatch), ""), IF(_xlpm.val="", "", _xlpm.val) )} -> 0.0187 | Q11: {=_xlfn.LET( _xlpm.sheet, $D$2, _xlpm.rowMatch, MATCH( TRIM($D11)&"|"&TRIM($C11), TRIM(INDIRECT(_xlpm.sheet & "!A2:A45")) & "|" & TRIM(INDIRECT(_xlpm.sheet & "!B2:B45")), 0 ), _xlpm.colMatch, MATCH( TRIM(Q$3), TRIM(INDIRECT(_xlpm.sheet & "!C1:N1")), 0 ), _xlpm.val, IFERROR(INDEX(INDIRECT(_xlpm.sheet & "!C2:N100"), _xlpm.rowMatch, _xlpm.colMatch), ""), IF(_xlpm.val="", "", _xlpm.val) )} -> 0.9985
B12: {=IFERROR( IF( MOD(ROW()-ROW($B$4), COUNTA(使用方法!$B:$B)) = 0, IF(INDEX(使用方法!$A:$A, INT((ROW()-ROW($B$4))/COUNTA(使用方法!$B:$B))+1) = "", "", INDEX(使用方法!$A:$A, INT((ROW()-ROW($B$4))/COUNTA(使用方法!$B:$B))+1) ), "" ), "")} | C12: =IF(B12<>"", B12, C11) -> LogisticRegression | D12: Ridge (a=1e6) | F12: {=_xlfn.LET( _xlpm.sheet, $D$2, _xlpm.rowMatch, MATCH( TRIM($D12)&"|"&TRIM($C12), TRIM(INDIRECT(_xlpm.sheet & "!A2:A45")) & "|" & TRIM(INDIRECT(_xlpm.sheet & "!B2:B45")), 0 ), _xlpm.colMatch, MATCH( TRIM(F$3), TRIM(INDIRECT(_xlpm.sheet & "!C1:M1")), 0 ), _xlpm.val, IFERROR(INDEX(INDIRECT(_xlpm.sheet & "!C2:M100"), _xlpm.rowMatch, _xlpm.colMatch), ""), IF(_xlpm.val="", "", _xlpm.val) )} -> 0 | G12: {=_xlfn.LET( _xlpm.sheet, $D$2, _xlpm.rowMatch, MATCH( TRIM($D12)&"|"&TRIM($C12), TRIM(INDIRECT(_xlpm.sheet & "!A2:A45")) & "|" & TRIM(INDIRECT(_xlpm.sheet & "!B2:B45")), 0 ), _xlpm.colMatch, MATCH( TRIM(G$3), TRIM(INDIRECT(_xlpm.sheet & "!C1:M1")), 0 ), _xlpm.val, IFERROR(INDEX(INDIRECT(_xlpm.sheet & "!C2:M100"), _xlpm.rowMatch, _xlpm.colMatch), ""), IF(_xlpm.val="", "", _xlpm.val) )} -> 0 | H12: {=_xlfn.LET( _xlpm.sheet, $D$2, _xlpm.rowMatch, MATCH( TRIM($D12)&"|"&TRIM($C12), TRIM(INDIRECT(_xlpm.sheet & "!A2:A45")) & "|" & TRIM(INDIRECT(_xlpm.sheet & "!B2:B45")), 0 ), _xlpm.colMatch, MATCH( TRIM(H$3), TRIM(INDIRECT(_xlpm.sheet & "!C1:M1")), 0 ), _xlpm.val, IFERROR(INDEX(INDIRECT(_xlpm.sheet & "!C2:M100"), _xlpm.rowMatch, _xlpm.colMatch), ""), IF(_xlpm.val="", "", _xlpm.val) )} -> 0 | I12: {=_xlfn.LET( _xlpm.sheet, $D$2, _xlpm.rowMatch, MATCH( TRIM($D12)&"|"&TRIM($C12), TRIM(INDIRECT(_xlpm.sheet & "!A2:A45")) & "|" & TRIM(INDIRECT(_xlpm.sheet & "!B2:B45")), 0 ), _xlpm.colMatch, MATCH( TRIM(I$3), TRIM(INDIRECT(_xlpm.sheet & "!C1:M1")), 0 ), _xlpm.val, IFERROR(INDEX(INDIRECT(_xlpm.sheet & "!C2:M100"), _xlpm.rowMatch, _xlpm.colMatch), ""), IF(_xlpm.val="", "", _xlpm.val) )} -> 0.8767 | J12: {=_xlfn.LET( _xlpm.sheet, $D$2, _xlpm.rowMatch, MATCH( TRIM($D12)&"|"&TRIM($C12), TRIM(INDIRECT(_xlpm.sheet & "!A2:A45")) & "|" & TRIM(INDIRECT(_xlpm.sheet & "!B2:B45")), 0 ), _xlpm.colMatch, MATCH( TRIM(J$3), TRIM(INDIRECT(_xlpm.sheet & "!C1:M1")), 0 ), _xlpm.val, IFERROR(INDEX(INDIRECT(_xlpm.sheet & "!C2:M100"), _xlpm.rowMatch, _xlpm.colMatch), ""), IF(_xlpm.val="", "", _xlpm.val) )} -> 0.0164 | K12: {=_xlfn.LET( _xlpm.sheet, $D$2, _xlpm.rowMatch, MATCH( TRIM($D12)&"|"&TRIM($C12), TRIM(INDIRECT(_xlpm.sheet & "!A2:A45")) & "|" & TRIM(INDIRECT(_xlpm.sheet & "!B2:B45")), 0 ), _xlpm.colMatch, MATCH( TRIM(K$3), TRIM(INDIRECT(_xlpm.sheet & "!C1:M1")), 0 ), _xlpm.val, IFERROR(INDEX(INDIRECT(_xlpm.sheet & "!C2:M100"), _xlpm.rowMatch, _xlpm.colMatch), ""), IF(_xlpm.val="", "", _xlpm.val) )} -> 0.9985 | L12: {=_xlfn.LET( _xlpm.sheet, $D$2, _xlpm.rowMatch, MATCH( TRIM($D12)&"|"&TRIM($C12), TRIM(INDIRECT(_xlpm.sheet & "!A2:A45")) & "|" & TRIM(INDIRECT(_xlpm.sheet & "!B2:B45")), 0 ), _xlpm.colMatch, MATCH( TRIM(L$3), TRIM(INDIRECT(_xlpm.sheet & "!C1:M1")), 0 ), _xlpm.val, IFERROR(INDEX(INDIRECT(_xlpm.sheet & "!C2:M100"), _xlpm.rowMatch, _xlpm.colMatch), ""), IF(_xlpm.val="", "", _xlpm.val) )} -> 0 | M12: {=_xlfn.LET( _xlpm.sheet, $D$2, _xlpm.rowMatch, MATCH( TRIM($D12)&"|"&TRIM($C12), TRIM(INDIRECT(_xlpm.sheet & "!A2:A45")) & "|" & TRIM(INDIRECT(_xlpm.sheet & "!B2:B45")), 0 ), _xlpm.colMatch, MATCH( TRIM(M$3), TRIM(INDIRECT(_xlpm.sheet & "!C1:M1")), 0 ), _xlpm.val, IFERROR(INDEX(INDIRECT(_xlpm.sheet & "!C2:M100"), _xlpm.rowMatch, _xlpm.colMatch), ""), IF(_xlpm.val="", "", _xlpm.val) )} -> 0 | ... P12: {=_xlfn.LET( _xlpm.sheet, $D$2, _xlpm.rowMatch, MATCH( TRIM($D12)&"|"&TRIM($C12), TRIM(INDIRECT(_xlpm.sheet & "!A2:A45")) & "|" & TRIM(INDIRECT(_xlpm.sheet & "!B2:B45")), 0 ), _xlpm.colMatch, MATCH( TRIM(P$3), TRIM(INDIRECT(_xlpm.sheet & "!C1:M1")), 0 ), _xlpm.val, IFERROR(INDEX(INDIRECT(_xlpm.sheet & "!C2:M100"), _xlpm.rowMatch, _xlpm.colMatch), ""), IF(_xlpm.val="", "", _xlpm.val) )} -> 0.0165 | Q12: {=_xlfn.LET( _xlpm.sheet, $D$2, _xlpm.rowMatch, MATCH( TRIM($D12)&"|"&TRIM($C12), TRIM(INDIRECT(_xlpm.sheet & "!A2:A45")) & "|" & TRIM(INDIRECT(_xlpm.sheet & "!B2:B45")), 0 ), _xlpm.colMatch, MATCH( TRIM(Q$3), TRIM(INDIRECT(_xlpm.sheet & "!C1:N1")), 0 ), _xlpm.val, IFERROR(INDEX(INDIRECT(_xlpm.sheet & "!C2:N100"), _xlpm.rowMatch, _xlpm.colMatch), ""), IF(_xlpm.val="", "", _xlpm.val) )} -> 0.9985
B13: {=IFERROR( IF( MOD(ROW()-ROW($B$4), COUNTA(使用方法!$B:$B)) = 0, IF(INDEX(使用方法!$A:$A, INT((ROW()-ROW($B$4))/COUNTA(使用方法!$B:$B))+1) = "", "", INDEX(使用方法!$A:$A, INT((ROW()-ROW($B$4))/COUNTA(使用方法!$B:$B))+1) ), "" ), "")} | C13: =IF(B13<>"", B13, C12) -> LogisticRegression | D13: XGBoost_Top10 | F13: {=_xlfn.LET( _xlpm.sheet, $D$2, _xlpm.rowMatch, MATCH( TRIM($D13)&"|"&TRIM($C13), TRIM(INDIRECT(_xlpm.sheet & "!A2:A45")) & "|" & TRIM(INDIRECT(_xlpm.sheet & "!B2:B45")), 0 ), _xlpm.colMatch, MATCH( TRIM(F$3), TRIM(INDIRECT(_xlpm.sheet & "!C1:M1")), 0 ), _xlpm.val, IFERROR(INDEX(INDIRECT(_xlpm.sheet & "!C2:M100"), _xlpm.rowMatch, _xlpm.colMatch), ""), IF(_xlpm.val="", "", _xlpm.val) )} -> 0 | G13: {=_xlfn.LET( _xlpm.sheet, $D$2, _xlpm.rowMatch, MATCH( TRIM($D13)&"|"&TRIM($C13), TRIM(INDIRECT(_xlpm.sheet & "!A2:A45")) & "|" & TRIM(INDIRECT(_xlpm.sheet & "!B2:B45")), 0 ), _xlpm.colMatch, MATCH( TRIM(G$3), TRIM(INDIRECT(_xlpm.sheet & "!C1:M1")), 0 ), _xlpm.val, IFERROR(INDEX(INDIRECT(_xlpm.sheet & "!C2:M100"), _xlpm.rowMatch, _xlpm.colMatch), ""), IF(_xlpm.val="", "", _xlpm.val) )} -> 0 | H13: {=_xlfn.LET( _xlpm.sheet, $D$2, _xlpm.rowMatch, MATCH( TRIM($D13)&"|"&TRIM($C13), TRIM(INDIRECT(_xlpm.sheet & "!A2:A45")) & "|" & TRIM(INDIRECT(_xlpm.sheet & "!B2:B45")), 0 ), _xlpm.colMatch, MATCH( TRIM(H$3), TRIM(INDIRECT(_xlpm.sheet & "!C1:M1")), 0 ), _xlpm.val, IFERROR(INDEX(INDIRECT(_xlpm.sheet & "!C2:M100"), _xlpm.rowMatch, _xlpm.colMatch), ""), IF(_xlpm.val="", "", _xlpm.val) )} -> 0 | I13: {=_xlfn.LET( _xlpm.sheet, $D$2, _xlpm.rowMatch, MATCH( TRIM($D13)&"|"&TRIM($C13), TRIM(INDIRECT(_xlpm.sheet & "!A2:A45")) & "|" & TRIM(INDIRECT(_xlpm.sheet & "!B2:B45")), 0 ), _xlpm.colMatch, MATCH( TRIM(I$3), TRIM(INDIRECT(_xlpm.sheet & "!C1:M1")), 0 ), _xlpm.val, IFERROR(INDEX(INDIRECT(_xlpm.sheet & "!C2:M100"), _xlpm.rowMatch, _xlpm.colMatch), ""), IF(_xlpm.val="", "", _xlpm.val) )} -> 0.8763 | J13: {=_xlfn.LET( _xlpm.sheet, $D$2, _xlpm.rowMatch, MATCH( TRIM($D13)&"|"&TRIM($C13), TRIM(INDIRECT(_xlpm.sheet & "!A2:A45")) & "|" & TRIM(INDIRECT(_xlpm.sheet & "!B2:B45")), 0 ), _xlpm.colMatch, MATCH( TRIM(J$3), TRIM(INDIRECT(_xlpm.sheet & "!C1:M1")), 0 ), _xlpm.val, IFERROR(INDEX(INDIRECT(_xlpm.sheet & "!C2:M100"), _xlpm.rowMatch, _xlpm.colMatch), ""), IF(_xlpm.val="", "", _xlpm.val) )} -> 0.0081 | K13: {=_xlfn.LET( _xlpm.sheet, $D$2, _xlpm.rowMatch, MATCH( TRIM($D13)&"|"&TRIM($C13), TRIM(INDIRECT(_xlpm.sheet & "!A2:A45")) & "|" & TRIM(INDIRECT(_xlpm.sheet & "!B2:B45")), 0 ), _xlpm.colMatch, MATCH( TRIM(K$3), TRIM(INDIRECT(_xlpm.sheet & "!C1:M1")), 0 ), _xlpm.val, IFERROR(INDEX(INDIRECT(_xlpm.sheet & "!C2:M100"), _xlpm.rowMatch, _xlpm.colMatch), ""), IF(_xlpm.val="", "", _xlpm.val) )} -> 0.9985 | L13: {=_xlfn.LET( _xlpm.sheet, $D$2, _xlpm.rowMatch, MATCH( TRIM($D13)&"|"&TRIM($C13), TRIM(INDIRECT(_xlpm.sheet & "!A2:A45")) & "|" & TRIM(INDIRECT(_xlpm.sheet & "!B2:B45")), 0 ), _xlpm.colMatch, MATCH( TRIM(L$3), TRIM(INDIRECT(_xlpm.sheet & "!C1:M1")), 0 ), _xlpm.val, IFERROR(INDEX(INDIRECT(_xlpm.sheet & "!C2:M100"), _xlpm.rowMatch, _xlpm.colMatch), ""), IF(_xlpm.val="", "", _xlpm.val) )} -> 0 | M13: {=_xlfn.LET( _xlpm.sheet, $D$2, _xlpm.rowMatch, MATCH( TRIM($D13)&"|"&TRIM($C13), TRIM(INDIRECT(_xlpm.sheet & "!A2:A45")) & "|" & TRIM(INDIRECT(_xlpm.sheet & "!B2:B45")), 0 ), _xlpm.colMatch, MATCH( TRIM(M$3), TRIM(INDIRECT(_xlpm.sheet & "!C1:M1")), 0 ), _xlpm.val, IFERROR(INDEX(INDIRECT(_xlpm.sheet & "!C2:M100"), _xlpm.rowMatch, _xlpm.colMatch), ""), IF(_xlpm.val="", "", _xlpm.val) )} -> 0 | ... P13: {=_xlfn.LET( _xlpm.sheet, $D$2, _xlpm.rowMatch, MATCH( TRIM($D13)&"|"&TRIM($C13), TRIM(INDIRECT(_xlpm.sheet & "!A2:A45")) & "|" & TRIM(INDIRECT(_xlpm.sheet & "!B2:B45")), 0 ), _xlpm.colMatch, MATCH( TRIM(P$3), TRIM(INDIRECT(_xlpm.sheet & "!C1:M1")), 0 ), _xlpm.val, IFERROR(INDEX(INDIRECT(_xlpm.sheet & "!C2:M100"), _xlpm.rowMatch, _xlpm.colMatch), ""), IF(_xlpm.val="", "", _xlpm.val) )} -> 0.0081 | Q13: {=_xlfn.LET( _xlpm.sheet, $D$2, _xlpm.rowMatch, MATCH( TRIM($D13)&"|"&TRIM($C13), TRIM(INDIRECT(_xlpm.sheet & "!A2:A45")) & "|" & TRIM(INDIRECT(_xlpm.sheet & "!B2:B45")), 0 ), _xlpm.colMatch, MATCH( TRIM(Q$3), TRIM(INDIRECT(_xlpm.sheet & "!C1:N1")), 0 ), _xlpm.val, IFERROR(INDEX(INDIRECT(_xlpm.sheet & "!C2:N100"), _xlpm.rowMatch, _xlpm.colMatch), ""), IF(_xlpm.val="", "", _xlpm.val) )} -> 0.9985
B14: {=IFERROR( IF( MOD(ROW()-ROW($B$4), COUNTA(使用方法!$B:$B)) = 0, IF(INDEX(使用方法!$A:$A, INT((ROW()-ROW($B$4))/COUNTA(使用方法!$B:$B))+1) = "", "", INDEX(使用方法!$A:$A, INT((ROW()-ROW($B$4))/COUNTA(使用方法!$B:$B))+1) ), "" ), "")} -> LDA | C14: =IF(B14<>"", B14, C13) -> LDA | D14: Full_Set_Baseline | F14: {=_xlfn.LET( _xlpm.sheet, $D$2, _xlpm.rowMatch, MATCH( TRIM($D14)&"|"&TRIM($C14), TRIM(INDIRECT(_xlpm.sheet & "!A2:A45")) & "|" & TRIM(INDIRECT(_xlpm.sheet & "!B2:B45")), 0 ), _xlpm.colMatch, MATCH( TRIM(F$3), TRIM(INDIRECT(_xlpm.sheet & "!C1:M1")), 0 ), _xlpm.val, IFERROR(INDEX(INDIRECT(_xlpm.sheet & "!C2:M100"), _xlpm.rowMatch, _xlpm.colMatch), ""), IF(_xlpm.val="", "", _xlpm.val) )} | G14: {=_xlfn.LET( _xlpm.sheet, $D$2, _xlpm.rowMatch, MATCH( TRIM($D14)&"|"&TRIM($C14), TRIM(INDIRECT(_xlpm.sheet & "!A2:A45")) & "|" & TRIM(INDIRECT(_xlpm.sheet & "!B2:B45")), 0 ), _xlpm.colMatch, MATCH( TRIM(G$3), TRIM(INDIRECT(_xlpm.sheet & "!C1:M1")), 0 ), _xlpm.val, IFERROR(INDEX(INDIRECT(_xlpm.sheet & "!C2:M100"), _xlpm.rowMatch, _xlpm.colMatch), ""), IF(_xlpm.val="", "", _xlpm.val) )} | H14: {=_xlfn.LET( _xlpm.sheet, $D$2, _xlpm.rowMatch, MATCH( TRIM($D14)&"|"&TRIM($C14), TRIM(INDIRECT(_xlpm.sheet & "!A2:A45")) & "|" & TRIM(INDIRECT(_xlpm.sheet & "!B2:B45")), 0 ), _xlpm.colMatch, MATCH( TRIM(H$3), TRIM(INDIRECT(_xlpm.sheet & "!C1:M1")), 0 ), _xlpm.val, IFERROR(INDEX(INDIRECT(_xlpm.sheet & "!C2:M100"), _xlpm.rowMatch, _xlpm.colMatch), ""), IF(_xlpm.val="", "", _xlpm.val) )} | I14: {=_xlfn.LET( _xlpm.sheet, $D$2, _xlpm.rowMatch, MATCH( TRIM($D14)&"|"&TRIM($C14), TRIM(INDIRECT(_xlpm.sheet & "!A2:A45")) & "|" & TRIM(INDIRECT(_xlpm.sheet & "!B2:B45")), 0 ), _xlpm.colMatch, MATCH( TRIM(I$3), TRIM(INDIRECT(_xlpm.sheet & "!C1:M1")), 0 ), _xlpm.val, IFERROR(INDEX(INDIRECT(_xlpm.sheet & "!C2:M100"), _xlpm.rowMatch, _xlpm.colMatch), ""), IF(_xlpm.val="", "", _xlpm.val) )} | J14: {=_xlfn.LET( _xlpm.sheet, $D$2, _xlpm.rowMatch, MATCH( TRIM($D14)&"|"&TRIM($C14), TRIM(INDIRECT(_xlpm.sheet & "!A2:A45")) & "|" & TRIM(INDIRECT(_xlpm.sheet & "!B2:B45")), 0 ), _xlpm.colMatch, MATCH( TRIM(J$3), TRIM(INDIRECT(_xlpm.sheet & "!C1:M1")), 0 ), _xlpm.val, IFERROR(INDEX(INDIRECT(_xlpm.sheet & "!C2:M100"), _xlpm.rowMatch, _xlpm.colMatch), ""), IF(_xlpm.val="", "", _xlpm.val) )} | K14: {=_xlfn.LET( _xlpm.sheet, $D$2, _xlpm.rowMatch, MATCH( TRIM($D14)&"|"&TRIM($C14), TRIM(INDIRECT(_xlpm.sheet & "!A2:A45")) & "|" & TRIM(INDIRECT(_xlpm.sheet & "!B2:B45")), 0 ), _xlpm.colMatch, MATCH( TRIM(K$3), TRIM(INDIRECT(_xlpm.sheet & "!C1:M1")), 0 ), _xlpm.val, IFERROR(INDEX(INDIRECT(_xlpm.sheet & "!C2:M100"), _xlpm.rowMatch, _xlpm.colMatch), ""), IF(_xlpm.val="", "", _xlpm.val) )} | L14: {=_xlfn.LET( _xlpm.sheet, $D$2, _xlpm.rowMatch, MATCH( TRIM($D14)&"|"&TRIM($C14), TRIM(INDIRECT(_xlpm.sheet & "!A2:A45")) & "|" & TRIM(INDIRECT(_xlpm.sheet & "!B2:B45")), 0 ), _xlpm.colMatch, MATCH( TRIM(L$3), TRIM(INDIRECT(_xlpm.sheet & "!C1:M1")), 0 ), _xlpm.val, IFERROR(INDEX(INDIRECT(_xlpm.sheet & "!C2:M100"), _xlpm.rowMatch, _xlpm.colMatch), ""), IF(_xlpm.val="", "", _xlpm.val) )} | M14: {=_xlfn.LET( _xlpm.sheet, $D$2, _xlpm.rowMatch, MATCH( TRIM($D14)&"|"&TRIM($C14), TRIM(INDIRECT(_xlpm.sheet & "!A2:A45")) & "|" & TRIM(INDIRECT(_xlpm.sheet & "!B2:B45")), 0 ), _xlpm.colMatch, MATCH( TRIM(M$3), TRIM(INDIRECT(_xlpm.sheet & "!C1:M1")), 0 ), _xlpm.val, IFERROR(INDEX(INDIRECT(_xlpm.sheet & "!C2:M100"), _xlpm.rowMatch, _xlpm.colMatch), ""), IF(_xlpm.val="", "", _xlpm.val) )} | ... P14: {=_xlfn.LET( _xlpm.sheet, $D$2, _xlpm.rowMatch, MATCH( TRIM($D14)&"|"&TRIM($C14), TRIM(INDIRECT(_xlpm.sheet & "!A2:A45")) & "|" & TRIM(INDIRECT(_xlpm.sheet & "!B2:B45")), 0 ), _xlpm.colMatch, MATCH( TRIM(P$3), TRIM(INDIRECT(_xlpm.sheet & "!C1:M1")), 0 ), _xlpm.val, IFERROR(INDEX(INDIRECT(_xlpm.sheet & "!C2:M100"), _xlpm.rowMatch, _xlpm.colMatch), ""), IF(_xlpm.val="", "", _xlpm.val) )} | Q14: {=_xlfn.LET( _xlpm.sheet, $D$2, _xlpm.rowMatch, MATCH( TRIM($D14)&"|"&TRIM($C14), TRIM(INDIRECT(_xlpm.sheet & "!A2:A45")) & "|" & TRIM(INDIRECT(_xlpm.sheet & "!B2:B45")), 0 ), _xlpm.colMatch, MATCH( TRIM(Q$3), TRIM(INDIRECT(_xlpm.sheet & "!C1:N1")), 0 ), _xlpm.val, IFERROR(INDEX(INDIRECT(_xlpm.sheet & "!C2:N100"), _xlpm.rowMatch, _xlpm.colMatch), ""), IF(_xlpm.val="", "", _xlpm.val) )}
B15: {=IFERROR( IF( MOD(ROW()-ROW($B$4), COUNTA(使用方法!$B:$B)) = 0, IF(INDEX(使用方法!$A:$A, INT((ROW()-ROW($B$4))/COUNTA(使用方法!$B:$B))+1) = "", "", INDEX(使用方法!$A:$A, INT((ROW()-ROW($B$4))/COUNTA(使用方法!$B:$B))+1) ), "" ), "")} | C15: =IF(B15<>"", B15, C14) -> LDA | D15: Lasso (a=1e-4) | F15: {=_xlfn.LET( _xlpm.sheet, $D$2, _xlpm.rowMatch, MATCH( TRIM($D15)&"|"&TRIM($C15), TRIM(INDIRECT(_xlpm.sheet & "!A2:A45")) & "|" & TRIM(INDIRECT(_xlpm.sheet & "!B2:B45")), 0 ), _xlpm.colMatch, MATCH( TRIM(F$3), TRIM(INDIRECT(_xlpm.sheet & "!C1:M1")), 0 ), _xlpm.val, IFERROR(INDEX(INDIRECT(_xlpm.sheet & "!C2:M100"), _xlpm.rowMatch, _xlpm.colMatch), ""), IF(_xlpm.val="", "", _xlpm.val) )} -> 0 | G15: {=_xlfn.LET( _xlpm.sheet, $D$2, _xlpm.rowMatch, MATCH( TRIM($D15)&"|"&TRIM($C15), TRIM(INDIRECT(_xlpm.sheet & "!A2:A45")) & "|" & TRIM(INDIRECT(_xlpm.sheet & "!B2:B45")), 0 ), _xlpm.colMatch, MATCH( TRIM(G$3), TRIM(INDIRECT(_xlpm.sheet & "!C1:M1")), 0 ), _xlpm.val, IFERROR(INDEX(INDIRECT(_xlpm.sheet & "!C2:M100"), _xlpm.rowMatch, _xlpm.colMatch), ""), IF(_xlpm.val="", "", _xlpm.val) )} -> 0 | H15: {=_xlfn.LET( _xlpm.sheet, $D$2, _xlpm.rowMatch, MATCH( TRIM($D15)&"|"&TRIM($C15), TRIM(INDIRECT(_xlpm.sheet & "!A2:A45")) & "|" & TRIM(INDIRECT(_xlpm.sheet & "!B2:B45")), 0 ), _xlpm.colMatch, MATCH( TRIM(H$3), TRIM(INDIRECT(_xlpm.sheet & "!C1:M1")), 0 ), _xlpm.val, IFERROR(INDEX(INDIRECT(_xlpm.sheet & "!C2:M100"), _xlpm.rowMatch, _xlpm.colMatch), ""), IF(_xlpm.val="", "", _xlpm.val) )} -> 0 | I15: {=_xlfn.LET( _xlpm.sheet, $D$2, _xlpm.rowMatch, MATCH( TRIM($D15)&"|"&TRIM($C15), TRIM(INDIRECT(_xlpm.sheet & "!A2:A45")) & "|" & TRIM(INDIRECT(_xlpm.sheet & "!B2:B45")), 0 ), _xlpm.colMatch, MATCH( TRIM(I$3), TRIM(INDIRECT(_xlpm.sheet & "!C1:M1")), 0 ), _xlpm.val, IFERROR(INDEX(INDIRECT(_xlpm.sheet & "!C2:M100"), _xlpm.rowMatch, _xlpm.colMatch), ""), IF(_xlpm.val="", "", _xlpm.val) )} -> 0.8682 | J15: {=_xlfn.LET( _xlpm.sheet, $D$2, _xlpm.rowMatch, MATCH( TRIM($D15)&"|"&TRIM($C15), TRIM(INDIRECT(_xlpm.sheet & "!A2:A45")) & "|" & TRIM(INDIRECT(_xlpm.sheet & "!B2:B45")), 0 ), _xlpm.colMatch, MATCH( TRIM(J$3), TRIM(INDIRECT(_xlpm.sheet & "!C1:M1")), 0 ), _xlpm.val, IFERROR(INDEX(INDIRECT(_xlpm.sheet & "!C2:M100"), _xlpm.rowMatch, _xlpm.colMatch), ""), IF(_xlpm.val="", "", _xlpm.val) )} -> 0.0129 | K15: {=_xlfn.LET( _xlpm.sheet, $D$2, _xlpm.rowMatch, MATCH( TRIM($D15)&"|"&TRIM($C15), TRIM(INDIRECT(_xlpm.sheet & "!A2:A45")) & "|" & TRIM(INDIRECT(_xlpm.sheet & "!B2:B45")), 0 ), _xlpm.colMatch, MATCH( TRIM(K$3), TRIM(INDIRECT(_xlpm.sheet & "!C1:M1")), 0 ), _xlpm.val, IFERROR(INDEX(INDIRECT(_xlpm.sheet & "!C2:M100"), _xlpm.rowMatch, _xlpm.colMatch), ""), IF(_xlpm.val="", "", _xlpm.val) )} -> 0.9985 | L15: {=_xlfn.LET( _xlpm.sheet, $D$2, _xlpm.rowMatch, MATCH( TRIM($D15)&"|"&TRIM($C15), TRIM(INDIRECT(_xlpm.sheet & "!A2:A45")) & "|" & TRIM(INDIRECT(_xlpm.sheet & "!B2:B45")), 0 ), _xlpm.colMatch, MATCH( TRIM(L$3), TRIM(INDIRECT(_xlpm.sheet & "!C1:M1")), 0 ), _xlpm.val, IFERROR(INDEX(INDIRECT(_xlpm.sheet & "!C2:M100"), _xlpm.rowMatch, _xlpm.colMatch), ""), IF(_xlpm.val="", "", _xlpm.val) )} -> 0 | M15: {=_xlfn.LET( _xlpm.sheet, $D$2, _xlpm.rowMatch, MATCH( TRIM($D15)&"|"&TRIM($C15), TRIM(INDIRECT(_xlpm.sheet & "!A2:A45")) & "|" & TRIM(INDIRECT(_xlpm.sheet & "!B2:B45")), 0 ), _xlpm.colMatch, MATCH( TRIM(M$3), TRIM(INDIRECT(_xlpm.sheet & "!C1:M1")), 0 ), _xlpm.val, IFERROR(INDEX(INDIRECT(_xlpm.sheet & "!C2:M100"), _xlpm.rowMatch, _xlpm.colMatch), ""), IF(_xlpm.val="", "", _xlpm.val) )} -> 0 | ... P15: {=_xlfn.LET( _xlpm.sheet, $D$2, _xlpm.rowMatch, MATCH( TRIM($D15)&"|"&TRIM($C15), TRIM(INDIRECT(_xlpm.sheet & "!A2:A45")) & "|" & TRIM(INDIRECT(_xlpm.sheet & "!B2:B45")), 0 ), _xlpm.colMatch, MATCH( TRIM(P$3), TRIM(INDIRECT(_xlpm.sheet & "!C1:M1")), 0 ), _xlpm.val, IFERROR(INDEX(INDIRECT(_xlpm.sheet & "!C2:M100"), _xlpm.rowMatch, _xlpm.colMatch), ""), IF(_xlpm.val="", "", _xlpm.val) )} -> 0.0133 | Q15: {=_xlfn.LET( _xlpm.sheet, $D$2, _xlpm.rowMatch, MATCH( TRIM($D15)&"|"&TRIM($C15), TRIM(INDIRECT(_xlpm.sheet & "!A2:A45")) & "|" & TRIM(INDIRECT(_xlpm.sheet & "!B2:B45")), 0 ), _xlpm.colMatch, MATCH( TRIM(Q$3), TRIM(INDIRECT(_xlpm.sheet & "!C1:N1")), 0 ), _xlpm.val, IFERROR(INDEX(INDIRECT(_xlpm.sheet & "!C2:N100"), _xlpm.rowMatch, _xlpm.colMatch), ""), IF(_xlpm.val="", "", _xlpm.val) )} -> 0.9985
B16: {=IFERROR( IF( MOD(ROW()-ROW($B$4), COUNTA(使用方法!$B:$B)) = 0, IF(INDEX(使用方法!$A:$A, INT((ROW()-ROW($B$4))/COUNTA(使用方法!$B:$B))+1) = "", "", INDEX(使用方法!$A:$A, INT((ROW()-ROW($B$4))/COUNTA(使用方法!$B:$B))+1) ), "" ), "")} | C16: =IF(B16<>"", B16, C15) -> LDA | D16: Lasso (a=1e-5) | F16: {=_xlfn.LET( _xlpm.sheet, $D$2, _xlpm.rowMatch, MATCH( TRIM($D16)&"|"&TRIM($C16), TRIM(INDIRECT(_xlpm.sheet & "!A2:A45")) & "|" & TRIM(INDIRECT(_xlpm.sheet & "!B2:B45")), 0 ), _xlpm.colMatch, MATCH( TRIM(F$3), TRIM(INDIRECT(_xlpm.sheet & "!C1:M1")), 0 ), _xlpm.val, IFERROR(INDEX(INDIRECT(_xlpm.sheet & "!C2:M100"), _xlpm.rowMatch, _xlpm.colMatch), ""), IF(_xlpm.val="", "", _xlpm.val) )} -> 0.0438 | G16: {=_xlfn.LET( _xlpm.sheet, $D$2, _xlpm.rowMatch, MATCH( TRIM($D16)&"|"&TRIM($C16), TRIM(INDIRECT(_xlpm.sheet & "!A2:A45")) & "|" & TRIM(INDIRECT(_xlpm.sheet & "!B2:B45")), 0 ), _xlpm.colMatch, MATCH( TRIM(G$3), TRIM(INDIRECT(_xlpm.sheet & "!C1:M1")), 0 ), _xlpm.val, IFERROR(INDEX(INDIRECT(_xlpm.sheet & "!C2:M100"), _xlpm.rowMatch, _xlpm.colMatch), ""), IF(_xlpm.val="", "", _xlpm.val) )} -> 0.1278 | H16: {=_xlfn.LET( _xlpm.sheet, $D$2, _xlpm.rowMatch, MATCH( TRIM($D16)&"|"&TRIM($C16), TRIM(INDIRECT(_xlpm.sheet & "!A2:A45")) & "|" & TRIM(INDIRECT(_xlpm.sheet & "!B2:B45")), 0 ), _xlpm.colMatch, MATCH( TRIM(H$3), TRIM(INDIRECT(_xlpm.sheet & "!C1:M1")), 0 ), _xlpm.val, IFERROR(INDEX(INDIRECT(_xlpm.sheet & "!C2:M100"), _xlpm.rowMatch, _xlpm.colMatch), ""), IF(_xlpm.val="", "", _xlpm.val) )} -> 0.0652 | I16: {=_xlfn.LET( _xlpm.sheet, $D$2, _xlpm.rowMatch, MATCH( TRIM($D16)&"|"&TRIM($C16), TRIM(INDIRECT(_xlpm.sheet & "!A2:A45")) & "|" & TRIM(INDIRECT(_xlpm.sheet & "!B2:B45")), 0 ), _xlpm.colMatch, MATCH( TRIM(I$3), TRIM(INDIRECT(_xlpm.sheet & "!C1:M1")), 0 ), _xlpm.val, IFERROR(INDEX(INDIRECT(_xlpm.sheet & "!C2:M100"), _xlpm.rowMatch, _xlpm.colMatch), ""), IF(_xlpm.val="", "", _xlpm.val) )} -> 0.8706 | J16: {=_xlfn.LET( _xlpm.sheet, $D$2, _xlpm.rowMatch, MATCH( TRIM($D16)&"|"&TRIM($C16), TRIM(INDIRECT(_xlpm.sheet & "!A2:A45")) & "|" & TRIM(INDIRECT(_xlpm.sheet & "!B2:B45")), 0 ), _xlpm.colMatch, MATCH( TRIM(J$3), TRIM(INDIRECT(_xlpm.sheet & "!C1:M1")), 0 ), _xlpm.val, IFERROR(INDEX(INDIRECT(_xlpm.sheet & "!C2:M100"), _xlpm.rowMatch, _xlpm.colMatch), ""), IF(_xlpm.val="", "", _xlpm.val) )} -> 0.0247 | K16: {=_xlfn.LET( _xlpm.sheet, $D$2, _xlpm.rowMatch, MATCH( TRIM($D16)&"|"&TRIM($C16), TRIM(INDIRECT(_xlpm.sheet & "!A2:A45")) & "|" & TRIM(INDIRECT(_xlpm.sheet & "!B2:B45")), 0 ), _xlpm.colMatch, MATCH( TRIM(K$3), TRIM(INDIRECT(_xlpm.sheet & "!C1:M1")), 0 ), _xlpm.val, IFERROR(INDEX(INDIRECT(_xlpm.sheet & "!C2:M100"), _xlpm.rowMatch, _xlpm.colMatch), ""), IF(_xlpm.val="", "", _xlpm.val) )} -> 0.9945 | L16: {=_xlfn.LET( _xlpm.sheet, $D$2, _xlpm.rowMatch, MATCH( TRIM($D16)&"|"&TRIM($C16), TRIM(INDIRECT(_xlpm.sheet & "!A2:A45")) & "|" & TRIM(INDIRECT(_xlpm.sheet & "!B2:B45")), 0 ), _xlpm.colMatch, MATCH( TRIM(L$3), TRIM(INDIRECT(_xlpm.sheet & "!C1:M1")), 0 ), _xlpm.val, IFERROR(INDEX(INDIRECT(_xlpm.sheet & "!C2:M100"), _xlpm.rowMatch, _xlpm.colMatch), ""), IF(_xlpm.val="", "", _xlpm.val) )} -> 0.0427 | M16: {=_xlfn.LET( _xlpm.sheet, $D$2, _xlpm.rowMatch, MATCH( TRIM($D16)&"|"&TRIM($C16), TRIM(INDIRECT(_xlpm.sheet & "!A2:A45")) & "|" & TRIM(INDIRECT(_xlpm.sheet & "!B2:B45")), 0 ), _xlpm.colMatch, MATCH( TRIM(M$3), TRIM(INDIRECT(_xlpm.sheet & "!C1:M1")), 0 ), _xlpm.val, IFERROR(INDEX(INDIRECT(_xlpm.sheet & "!C2:M100"), _xlpm.rowMatch, _xlpm.colMatch), ""), IF(_xlpm.val="", "", _xlpm.val) )} -> 0.124 | ... P16: {=_xlfn.LET( _xlpm.sheet, $D$2, _xlpm.rowMatch, MATCH( TRIM($D16)&"|"&TRIM($C16), TRIM(INDIRECT(_xlpm.sheet & "!A2:A45")) & "|" & TRIM(INDIRECT(_xlpm.sheet & "!B2:B45")), 0 ), _xlpm.colMatch, MATCH( TRIM(P$3), TRIM(INDIRECT(_xlpm.sheet & "!C1:M1")), 0 ), _xlpm.val, IFERROR(INDEX(INDIRECT(_xlpm.sheet & "!C2:M100"), _xlpm.rowMatch, _xlpm.colMatch), ""), IF(_xlpm.val="", "", _xlpm.val) )} -> 0.0226 | Q16: {=_xlfn.LET( _xlpm.sheet, $D$2, _xlpm.rowMatch, MATCH( TRIM($D16)&"|"&TRIM($C16), TRIM(INDIRECT(_xlpm.sheet & "!A2:A45")) & "|" & TRIM(INDIRECT(_xlpm.sheet & "!B2:B45")), 0 ), _xlpm.colMatch, MATCH( TRIM(Q$3), TRIM(INDIRECT(_xlpm.sheet & "!C1:N1")), 0 ), _xlpm.val, IFERROR(INDEX(INDIRECT(_xlpm.sheet & "!C2:N100"), _xlpm.rowMatch, _xlpm.colMatch), ""), IF(_xlpm.val="", "", _xlpm.val) )} -> 0.9945
... B43: {=IFERROR( IF( MOD(ROW()-ROW($B$4), COUNTA(使用方法!$B:$B)) = 0, IF(INDEX(使用方法!$A:$A, INT((ROW()-ROW($B$4))/COUNTA(使用方法!$B:$B))+1) = "", "", INDEX(使用方法!$A:$A, INT((ROW()-ROW($B$4))/COUNTA(使用方法!$B:$B))+1) ), "" ), "")} | C43: =IF(B43<>"", B43, C42) -> XGBoost | D43: XGBoost_Top10 | F43: {=_xlfn.LET( _xlpm.sheet, $D$2, _xlpm.rowMatch, MATCH( TRIM($D43)&"|"&TRIM($C43), TRIM(INDIRECT(_xlpm.sheet & "!A2:A45")) & "|" & TRIM(INDIRECT(_xlpm.sheet & "!B2:B45")), 0 ), _xlpm.colMatch, MATCH( TRIM(F$3), TRIM(INDIRECT(_xlpm.sheet & "!C1:M1")), 0 ), _xlpm.val, IFERROR(INDEX(INDIRECT(_xlpm.sheet & "!C2:M100"), _xlpm.rowMatch, _xlpm.colMatch), ""), IF(_xlpm.val="", "", _xlpm.val) )} -> 0.6104 | G43: {=_xlfn.LET( _xlpm.sheet, $D$2, _xlpm.rowMatch, MATCH( TRIM($D43)&"|"&TRIM($C43), TRIM(INDIRECT(_xlpm.sheet & "!A2:A45")) & "|" & TRIM(INDIRECT(_xlpm.sheet & "!B2:B45")), 0 ), _xlpm.colMatch, MATCH( TRIM(G$3), TRIM(INDIRECT(_xlpm.sheet & "!C1:M1")), 0 ), _xlpm.val, IFERROR(INDEX(INDIRECT(_xlpm.sheet & "!C2:M100"), _xlpm.rowMatch, _xlpm.colMatch), ""), IF(_xlpm.val="", "", _xlpm.val) )} -> 0.3184 | H43: {=_xlfn.LET( _xlpm.sheet, $D$2, _xlpm.rowMatch, MATCH( TRIM($D43)&"|"&TRIM($C43), TRIM(INDIRECT(_xlpm.sheet & "!A2:A45")) & "|" & TRIM(INDIRECT(_xlpm.sheet & "!B2:B45")), 0 ), _xlpm.colMatch, MATCH( TRIM(H$3), TRIM(INDIRECT(_xlpm.sheet & "!C1:M1")), 0 ), _xlpm.val, IFERROR(INDEX(INDIRECT(_xlpm.sheet & "!C2:M100"), _xlpm.rowMatch, _xlpm.colMatch), ""), IF(_xlpm.val="", "", _xlpm.val) )} -> 0.4183 | I43: {=_xlfn.LET( _xlpm.sheet, $D$2, _xlpm.rowMatch, MATCH( TRIM($D43)&"|"&TRIM($C43), TRIM(INDIRECT(_xlpm.sheet & "!A2:A45")) & "|" & TRIM(INDIRECT(_xlpm.sheet & "!B2:B45")), 0 ), _xlpm.colMatch, MATCH( TRIM(I$3), TRIM(INDIRECT(_xlpm.sheet & "!C1:M1")), 0 ), _xlpm.val, IFERROR(INDEX(INDIRECT(_xlpm.sheet & "!C2:M100"), _xlpm.rowMatch, _xlpm.colMatch), ""), IF(_xlpm.val="", "", _xlpm.val) )} -> 0.8704 | J43: {=_xlfn.LET( _xlpm.sheet, $D$2, _xlpm.rowMatch, MATCH( TRIM($D43)&"|"&TRIM($C43), TRIM(INDIRECT(_xlpm.sheet & "!A2:A45")) & "|" & TRIM(INDIRECT(_xlpm.sheet & "!B2:B45")), 0 ), _xlpm.colMatch, MATCH( TRIM(J$3), TRIM(INDIRECT(_xlpm.sheet & "!C1:M1")), 0 ), _xlpm.val, IFERROR(INDEX(INDIRECT(_xlpm.sheet & "!C2:M100"), _xlpm.rowMatch, _xlpm.colMatch), ""), IF(_xlpm.val="", "", _xlpm.val) )} -> 0.3204 | K43: {=_xlfn.LET( _xlpm.sheet, $D$2, _xlpm.rowMatch, MATCH( TRIM($D43)&"|"&TRIM($C43), TRIM(INDIRECT(_xlpm.sheet & "!A2:A45")) & "|" & TRIM(INDIRECT(_xlpm.sheet & "!B2:B45")), 0 ), _xlpm.colMatch, MATCH( TRIM(K$3), TRIM(INDIRECT(_xlpm.sheet & "!C1:M1")), 0 ), _xlpm.val, IFERROR(INDEX(INDIRECT(_xlpm.sheet & "!C2:M100"), _xlpm.rowMatch, _xlpm.colMatch), ""), IF(_xlpm.val="", "", _xlpm.val) )} -> 0.9987 | L43: {=_xlfn.LET( _xlpm.sheet, $D$2, _xlpm.rowMatch, MATCH( TRIM($D43)&"|"&TRIM($C43), TRIM(INDIRECT(_xlpm.sheet & "!A2:A45")) & "|" & TRIM(INDIRECT(_xlpm.sheet & "!B2:B45")), 0 ), _xlpm.colMatch, MATCH( TRIM(L$3), TRIM(INDIRECT(_xlpm.sheet & "!C1:M1")), 0 ), _xlpm.val, IFERROR(INDEX(INDIRECT(_xlpm.sheet & "!C2:M100"), _xlpm.rowMatch, _xlpm.colMatch), ""), IF(_xlpm.val="", "", _xlpm.val) )} -> 0.6342 | M43: {=_xlfn.LET( _xlpm.sheet, $D$2, _xlpm.rowMatch, MATCH( TRIM($D43)&"|"&TRIM($C43), TRIM(INDIRECT(_xlpm.sheet & "!A2:A45")) & "|" & TRIM(INDIRECT(_xlpm.sheet & "!B2:B45")), 0 ), _xlpm.colMatch, MATCH( TRIM(M$3), TRIM(INDIRECT(_xlpm.sheet & "!C1:M1")), 0 ), _xlpm.val, IFERROR(INDEX(INDIRECT(_xlpm.sheet & "!C2:M100"), _xlpm.rowMatch, _xlpm.colMatch), ""), IF(_xlpm.val="", "", _xlpm.val) )} -> 0.2865 | ... P43: {=_xlfn.LET( _xlpm.sheet, $D$2, _xlpm.rowMatch, MATCH( TRIM($D43)&"|"&TRIM($C43), TRIM(INDIRECT(_xlpm.sheet & "!A2:A45")) & "|" & TRIM(INDIRECT(_xlpm.sheet & "!B2:B45")), 0 ), _xlpm.colMatch, MATCH( TRIM(P$3), TRIM(INDIRECT(_xlpm.sheet & "!C1:M1")), 0 ), _xlpm.val, IFERROR(INDEX(INDIRECT(_xlpm.sheet & "!C2:M100"), _xlpm.rowMatch, _xlpm.colMatch), ""), IF(_xlpm.val="", "", _xlpm.val) )} -> 0.322 | Q43: {=_xlfn.LET( _xlpm.sheet, $D$2, _xlpm.rowMatch, MATCH( TRIM($D43)&"|"&TRIM($C43), TRIM(INDIRECT(_xlpm.sheet & "!A2:A45")) & "|" & TRIM(INDIRECT(_xlpm.sheet & "!B2:B45")), 0 ), _xlpm.colMatch, MATCH( TRIM(Q$3), TRIM(INDIRECT(_xlpm.sheet & "!C1:N1")), 0 ), _xlpm.val, IFERROR(INDEX(INDIRECT(_xlpm.sheet & "!C2:N100"), _xlpm.rowMatch, _xlpm.colMatch), ""), IF(_xlpm.val="", "", _xlpm.val) )} -> 0.9987
B44: {=IFERROR( IF( MOD(ROW()-ROW($B$4), COUNTA(使用方法!$B:$B)) = 0, IF(INDEX(使用方法!$A:$A, INT((ROW()-ROW($B$4))/COUNTA(使用方法!$B:$B))+1) = "", "", INDEX(使用方法!$A:$A, INT((ROW()-ROW($B$4))/COUNTA(使用方法!$B:$B))+1) ), "" ), "")} | C44: =IF(B44<>"", B44, C43) -> XGBoost | F44: {=_xlfn.LET( _xlpm.sheet, $D$2, _xlpm.rowMatch, MATCH( TRIM($D44)&"|"&TRIM($C44), TRIM(INDIRECT(_xlpm.sheet & "!A2:A45")) & "|" & TRIM(INDIRECT(_xlpm.sheet & "!B2:B45")), 0 ), _xlpm.colMatch, MATCH( TRIM(F$3), TRIM(INDIRECT(_xlpm.sheet & "!C1:M1")), 0 ), _xlpm.val, IFERROR(INDEX(INDIRECT(_xlpm.sheet & "!C2:M100"), _xlpm.rowMatch, _xlpm.colMatch), ""), IF(_xlpm.val="", "", _xlpm.val) )} | G44: {=_xlfn.LET( _xlpm.sheet, $D$2, _xlpm.rowMatch, MATCH( TRIM($D44)&"|"&TRIM($C44), TRIM(INDIRECT(_xlpm.sheet & "!A2:A45")) & "|" & TRIM(INDIRECT(_xlpm.sheet & "!B2:B45")), 0 ), _xlpm.colMatch, MATCH( TRIM(G$3), TRIM(INDIRECT(_xlpm.sheet & "!C1:M1")), 0 ), _xlpm.val, IFERROR(INDEX(INDIRECT(_xlpm.sheet & "!C2:M100"), _xlpm.rowMatch, _xlpm.colMatch), ""), IF(_xlpm.val="", "", _xlpm.val) )} | H44: {=_xlfn.LET( _xlpm.sheet, $D$2, _xlpm.rowMatch, MATCH( TRIM($D44)&"|"&TRIM($C44), TRIM(INDIRECT(_xlpm.sheet & "!A2:A45")) & "|" & TRIM(INDIRECT(_xlpm.sheet & "!B2:B45")), 0 ), _xlpm.colMatch, MATCH( TRIM(H$3), TRIM(INDIRECT(_xlpm.sheet & "!C1:M1")), 0 ), _xlpm.val, IFERROR(INDEX(INDIRECT(_xlpm.sheet & "!C2:M100"), _xlpm.rowMatch, _xlpm.colMatch), ""), IF(_xlpm.val="", "", _xlpm.val) )} | J44: {=_xlfn.LET( _xlpm.sheet, $D$2, _xlpm.rowMatch, MATCH( TRIM($D44)&"|"&TRIM($C44), TRIM(INDIRECT(_xlpm.sheet & "!A2:A45")) & "|" & TRIM(INDIRECT(_xlpm.sheet & "!B2:B45")), 0 ), _xlpm.colMatch, MATCH( TRIM(J$3), TRIM(INDIRECT(_xlpm.sheet & "!C1:M1")), 0 ), _xlpm.val, IFERROR(INDEX(INDIRECT(_xlpm.sheet & "!C2:M100"), _xlpm.rowMatch, _xlpm.colMatch), ""), IF(_xlpm.val="", "", _xlpm.val) )} | K44: {=_xlfn.LET( _xlpm.sheet, $D$2, _xlpm.rowMatch, MATCH( TRIM($D44)&"|"&TRIM($C44), TRIM(INDIRECT(_xlpm.sheet & "!A2:A45")) & "|" & TRIM(INDIRECT(_xlpm.sheet & "!B2:B45")), 0 ), _xlpm.colMatch, MATCH( TRIM(K$3), TRIM(INDIRECT(_xlpm.sheet & "!C1:M1")), 0 ), _xlpm.val, IFERROR(INDEX(INDIRECT(_xlpm.sheet & "!C2:M100"), _xlpm.rowMatch, _xlpm.colMatch), ""), IF(_xlpm.val="", "", _xlpm.val) )} | L44: {=_xlfn.LET( _xlpm.sheet, $D$2, _xlpm.rowMatch, MATCH( TRIM($D44)&"|"&TRIM($C44), TRIM(INDIRECT(_xlpm.sheet & "!A2:A45")) & "|" & TRIM(INDIRECT(_xlpm.sheet & "!B2:B45")), 0 ), _xlpm.colMatch, MATCH( TRIM(L$3), TRIM(INDIRECT(_xlpm.sheet & "!C1:M1")), 0 ), _xlpm.val, IFERROR(INDEX(INDIRECT(_xlpm.sheet & "!C2:M100"), _xlpm.rowMatch, _xlpm.colMatch), ""), IF(_xlpm.val="", "", _xlpm.val) )} | M44: {=_xlfn.LET( _xlpm.sheet, $D$2, _xlpm.rowMatch, MATCH( TRIM($D44)&"|"&TRIM($C44), TRIM(INDIRECT(_xlpm.sheet & "!A2:A45")) & "|" & TRIM(INDIRECT(_xlpm.sheet & "!B2:B45")), 0 ), _xlpm.colMatch, MATCH( TRIM(M$3), TRIM(INDIRECT(_xlpm.sheet & "!C1:M1")), 0 ), _xlpm.val, IFERROR(INDEX(INDIRECT(_xlpm.sheet & "!C2:M100"), _xlpm.rowMatch, _xlpm.colMatch), ""), IF(_xlpm.val="", "", _xlpm.val) )} | O44: {=_xlfn.LET( _xlpm.sheet, $D$2, _xlpm.rowMatch, MATCH( TRIM($D44)&"|"&TRIM($C44), TRIM(INDIRECT(_xlpm.sheet & "!A2:A45")) & "|" & TRIM(INDIRECT(_xlpm.sheet & "!B2:B45")), 0 ), _xlpm.colMatch, MATCH( TRIM(O$3), TRIM(INDIRECT(_xlpm.sheet & "!C1:M1")), 0 ), _xlpm.val, IFERROR(INDEX(INDIRECT(_xlpm.sheet & "!C2:M100"), _xlpm.rowMatch, _xlpm.colMatch), ""), IF(_xlpm.val="", "", _xlpm.val) )} | P44: {=_xlfn.LET( _xlpm.sheet, $D$2, _xlpm.rowMatch, MATCH( TRIM($D44)&"|"&TRIM($C44), TRIM(INDIRECT(_xlpm.sheet & "!A2:A45")) & "|" & TRIM(INDIRECT(_xlpm.sheet & "!B2:B45")), 0 ), _xlpm.colMatch, MATCH( TRIM(P$3), TRIM(INDIRECT(_xlpm.sheet & "!C1:M1")), 0 ), _xlpm.val, IFERROR(INDEX(INDIRECT(_xlpm.sheet & "!C2:M100"), _xlpm.rowMatch, _xlpm.colMatch), ""), IF(_xlpm.val="", "", _xlpm.val) )} | Q44: {=_xlfn.LET( _xlpm.sheet, $D$2, _xlpm.rowMatch, MATCH( TRIM($D44)&"|"&TRIM($C44), TRIM(INDIRECT(_xlpm.sheet & "!A2:A45")) & "|" & TRIM(INDIRECT(_xlpm.sheet & "!B2:B45")), 0 ), _xlpm.colMatch, MATCH( TRIM(Q$3), TRIM(INDIRECT(_xlpm.sheet & "!C1:M1")), 0 ), _xlpm.val, IFERROR(INDEX(INDIRECT(_xlpm.sheet & "!C2:M100"), _xlpm.rowMatch, _xlpm.colMatch), ""), IF(_xlpm.val="", "", _xlpm.val) )}
B45: {=IFERROR( IF( MOD(ROW()-ROW($B$4), COUNTA(使用方法!$B:$B)) = 0, IF(INDEX(使用方法!$A:$A, INT((ROW()-ROW($B$4))/COUNTA(使用方法!$B:$B))+1) = "", "", INDEX(使用方法!$A:$A, INT((ROW()-ROW($B$4))/COUNTA(使用方法!$B:$B))+1) ), "" ), "")} | C45: =IF(B45<>"", B45, C44) -> XGBoost | F45: {=_xlfn.LET( _xlpm.sheet, $D$2, _xlpm.rowMatch, MATCH( TRIM($D45)&"|"&TRIM($C45), TRIM(INDIRECT(_xlpm.sheet & "!A2:A45")) & "|" & TRIM(INDIRECT(_xlpm.sheet & "!B2:B45")), 0 ), _xlpm.colMatch, MATCH( TRIM(F$3), TRIM(INDIRECT(_xlpm.sheet & "!C1:M1")), 0 ), _xlpm.val, IFERROR(INDEX(INDIRECT(_xlpm.sheet & "!C2:M100"), _xlpm.rowMatch, _xlpm.colMatch), ""), IF(_xlpm.val="", "", _xlpm.val) )} | G45: {=_xlfn.LET( _xlpm.sheet, $D$2, _xlpm.rowMatch, MATCH( TRIM($D45)&"|"&TRIM($C45), TRIM(INDIRECT(_xlpm.sheet & "!A2:A45")) & "|" & TRIM(INDIRECT(_xlpm.sheet & "!B2:B45")), 0 ), _xlpm.colMatch, MATCH( TRIM(G$3), TRIM(INDIRECT(_xlpm.sheet & "!C1:M1")), 0 ), _xlpm.val, IFERROR(INDEX(INDIRECT(_xlpm.sheet & "!C2:M100"), _xlpm.rowMatch, _xlpm.colMatch), ""), IF(_xlpm.val="", "", _xlpm.val) )} | H45: {=_xlfn.LET( _xlpm.sheet, $D$2, _xlpm.rowMatch, MATCH( TRIM($D45)&"|"&TRIM($C45), TRIM(INDIRECT(_xlpm.sheet & "!A2:A45")) & "|" & TRIM(INDIRECT(_xlpm.sheet & "!B2:B45")), 0 ), _xlpm.colMatch, MATCH( TRIM(H$3), TRIM(INDIRECT(_xlpm.sheet & "!C1:M1")), 0 ), _xlpm.val, IFERROR(INDEX(INDIRECT(_xlpm.sheet & "!C2:M100"), _xlpm.rowMatch, _xlpm.colMatch), ""), IF(_xlpm.val="", "", _xlpm.val) )} | J45: {=_xlfn.LET( _xlpm.sheet, $D$2, _xlpm.rowMatch, MATCH( TRIM($D45)&"|"&TRIM($C45), TRIM(INDIRECT(_xlpm.sheet & "!A2:A45")) & "|" & TRIM(INDIRECT(_xlpm.sheet & "!B2:B45")), 0 ), _xlpm.colMatch, MATCH( TRIM(J$3), TRIM(INDIRECT(_xlpm.sheet & "!C1:M1")), 0 ), _xlpm.val, IFERROR(INDEX(INDIRECT(_xlpm.sheet & "!C2:M100"), _xlpm.rowMatch, _xlpm.colMatch), ""), IF(_xlpm.val="", "", _xlpm.val) )} | K45: {=_xlfn.LET( _xlpm.sheet, $D$2, _xlpm.rowMatch, MATCH( TRIM($D45)&"|"&TRIM($C45), TRIM(INDIRECT(_xlpm.sheet & "!A2:A45")) & "|" & TRIM(INDIRECT(_xlpm.sheet & "!B2:B45")), 0 ), _xlpm.colMatch, MATCH( TRIM(K$3), TRIM(INDIRECT(_xlpm.sheet & "!C1:M1")), 0 ), _xlpm.val, IFERROR(INDEX(INDIRECT(_xlpm.sheet & "!C2:M100"), _xlpm.rowMatch, _xlpm.colMatch), ""), IF(_xlpm.val="", "", _xlpm.val) )} | L45: {=_xlfn.LET( _xlpm.sheet, $D$2, _xlpm.rowMatch, MATCH( TRIM($D45)&"|"&TRIM($C45), TRIM(INDIRECT(_xlpm.sheet & "!A2:A45")) & "|" & TRIM(INDIRECT(_xlpm.sheet & "!B2:B45")), 0 ), _xlpm.colMatch, MATCH( TRIM(L$3), TRIM(INDIRECT(_xlpm.sheet & "!C1:M1")), 0 ), _xlpm.val, IFERROR(INDEX(INDIRECT(_xlpm.sheet & "!C2:M100"), _xlpm.rowMatch, _xlpm.colMatch), ""), IF(_xlpm.val="", "", _xlpm.val) )} | M45: {=_xlfn.LET( _xlpm.sheet, $D$2, _xlpm.rowMatch, MATCH( TRIM($D45)&"|"&TRIM($C45), TRIM(INDIRECT(_xlpm.sheet & "!A2:A45")) & "|" & TRIM(INDIRECT(_xlpm.sheet & "!B2:B45")), 0 ), _xlpm.colMatch, MATCH( TRIM(M$3), TRIM(INDIRECT(_xlpm.sheet & "!C1:M1")), 0 ), _xlpm.val, IFERROR(INDEX(INDIRECT(_xlpm.sheet & "!C2:M100"), _xlpm.rowMatch, _xlpm.colMatch), ""), IF(_xlpm.val="", "", _xlpm.val) )} | O45: {=_xlfn.LET( _xlpm.sheet, $D$2, _xlpm.rowMatch, MATCH( TRIM($D45)&"|"&TRIM($C45), TRIM(INDIRECT(_xlpm.sheet & "!A2:A45")) & "|" & TRIM(INDIRECT(_xlpm.sheet & "!B2:B45")), 0 ), _xlpm.colMatch, MATCH( TRIM(O$3), TRIM(INDIRECT(_xlpm.sheet & "!C1:M1")), 0 ), _xlpm.val, IFERROR(INDEX(INDIRECT(_xlpm.sheet & "!C2:M100"), _xlpm.rowMatch, _xlpm.colMatch), ""), IF(_xlpm.val="", "", _xlpm.val) )} | P45: {=_xlfn.LET( _xlpm.sheet, $D$2, _xlpm.rowMatch, MATCH( TRIM($D45)&"|"&TRIM($C45), TRIM(INDIRECT(_xlpm.sheet & "!A2:A45")) & "|" & TRIM(INDIRECT(_xlpm.sheet & "!B2:B45")), 0 ), _xlpm.colMatch, MATCH( TRIM(P$3), TRIM(INDIRECT(_xlpm.sheet & "!C1:M1")), 0 ), _xlpm.val, IFERROR(INDEX(INDIRECT(_xlpm.sheet & "!C2:M100"), _xlpm.rowMatch, _xlpm.colMatch), ""), IF(_xlpm.val="", "", _xlpm.val) )} | Q45: {=_xlfn.LET( _xlpm.sheet, $D$2, _xlpm.rowMatch, MATCH( TRIM($D45)&"|"&TRIM($C45), TRIM(INDIRECT(_xlpm.sheet & "!A2:A45")) & "|" & TRIM(INDIRECT(_xlpm.sheet & "!B2:B45")), 0 ), _xlpm.colMatch, MATCH( TRIM(Q$3), TRIM(INDIRECT(_xlpm.sheet & "!C1:M1")), 0 ), _xlpm.val, IFERROR(INDEX(INDIRECT(_xlpm.sheet & "!C2:M100"), _xlpm.rowMatch, _xlpm.colMatch), ""), IF(_xlpm.val="", "", _xlpm.val) )}
B46: {=IFERROR( IF( MOD(ROW()-ROW($B$4), COUNTA(使用方法!$B:$B)) = 0, IF(INDEX(使用方法!$A:$A, INT((ROW()-ROW($B$4))/COUNTA(使用方法!$B:$B))+1) = "", "", INDEX(使用方法!$A:$A, INT((ROW()-ROW($B$4))/COUNTA(使用方法!$B:$B))+1) ), "" ), "")} | C46: =IF(B46<>"", B46, C45) -> XGBoost | F46: {=_xlfn.LET( _xlpm.sheet, $D$2, _xlpm.rowMatch, MATCH( TRIM($D46)&"|"&TRIM($C46), TRIM(INDIRECT(_xlpm.sheet & "!A2:A45")) & "|" & TRIM(INDIRECT(_xlpm.sheet & "!B2:B45")), 0 ), _xlpm.colMatch, MATCH( TRIM(F$3), TRIM(INDIRECT(_xlpm.sheet & "!C1:M1")), 0 ), _xlpm.val, IFERROR(INDEX(INDIRECT(_xlpm.sheet & "!C2:M100"), _xlpm.rowMatch, _xlpm.colMatch), ""), IF(_xlpm.val="", "", _xlpm.val) )} | G46: {=_xlfn.LET( _xlpm.sheet, $D$2, _xlpm.rowMatch, MATCH( TRIM($D46)&"|"&TRIM($C46), TRIM(INDIRECT(_xlpm.sheet & "!A2:A45")) & "|" & TRIM(INDIRECT(_xlpm.sheet & "!B2:B45")), 0 ), _xlpm.colMatch, MATCH( TRIM(G$3), TRIM(INDIRECT(_xlpm.sheet & "!C1:M1")), 0 ), _xlpm.val, IFERROR(INDEX(INDIRECT(_xlpm.sheet & "!C2:M100"), _xlpm.rowMatch, _xlpm.colMatch), ""), IF(_xlpm.val="", "", _xlpm.val) )} | H46: {=_xlfn.LET( _xlpm.sheet, $D$2, _xlpm.rowMatch, MATCH( TRIM($D46)&"|"&TRIM($C46), TRIM(INDIRECT(_xlpm.sheet & "!A2:A45")) & "|" & TRIM(INDIRECT(_xlpm.sheet & "!B2:B45")), 0 ), _xlpm.colMatch, MATCH( TRIM(H$3), TRIM(INDIRECT(_xlpm.sheet & "!C1:M1")), 0 ), _xlpm.val, IFERROR(INDEX(INDIRECT(_xlpm.sheet & "!C2:M100"), _xlpm.rowMatch, _xlpm.colMatch), ""), IF(_xlpm.val="", "", _xlpm.val) )} | J46: {=_xlfn.LET( _xlpm.sheet, $D$2, _xlpm.rowMatch, MATCH( TRIM($D46)&"|"&TRIM($C46), TRIM(INDIRECT(_xlpm.sheet & "!A2:A45")) & "|" & TRIM(INDIRECT(_xlpm.sheet & "!B2:B45")), 0 ), _xlpm.colMatch, MATCH( TRIM(J$3), TRIM(INDIRECT(_xlpm.sheet & "!C1:M1")), 0 ), _xlpm.val, IFERROR(INDEX(INDIRECT(_xlpm.sheet & "!C2:M100"), _xlpm.rowMatch, _xlpm.colMatch), ""), IF(_xlpm.val="", "", _xlpm.val) )} | K46: {=_xlfn.LET( _xlpm.sheet, $D$2, _xlpm.rowMatch, MATCH( TRIM($D46)&"|"&TRIM($C46), TRIM(INDIRECT(_xlpm.sheet & "!A2:A45")) & "|" & TRIM(INDIRECT(_xlpm.sheet & "!B2:B45")), 0 ), _xlpm.colMatch, MATCH( TRIM(K$3), TRIM(INDIRECT(_xlpm.sheet & "!C1:M1")), 0 ), _xlpm.val, IFERROR(INDEX(INDIRECT(_xlpm.sheet & "!C2:M100"), _xlpm.rowMatch, _xlpm.colMatch), ""), IF(_xlpm.val="", "", _xlpm.val) )} | L46: {=_xlfn.LET( _xlpm.sheet, $D$2, _xlpm.rowMatch, MATCH( TRIM($D46)&"|"&TRIM($C46), TRIM(INDIRECT(_xlpm.sheet & "!A2:A45")) & "|" & TRIM(INDIRECT(_xlpm.sheet & "!B2:B45")), 0 ), _xlpm.colMatch, MATCH( TRIM(L$3), TRIM(INDIRECT(_xlpm.sheet & "!C1:M1")), 0 ), _xlpm.val, IFERROR(INDEX(INDIRECT(_xlpm.sheet & "!C2:M100"), _xlpm.rowMatch, _xlpm.colMatch), ""), IF(_xlpm.val="", "", _xlpm.val) )} | M46: {=_xlfn.LET( _xlpm.sheet, $D$2, _xlpm.rowMatch, MATCH( TRIM($D46)&"|"&TRIM($C46), TRIM(INDIRECT(_xlpm.sheet & "!A2:A45")) & "|" & TRIM(INDIRECT(_xlpm.sheet & "!B2:B45")), 0 ), _xlpm.colMatch, MATCH( TRIM(M$3), TRIM(INDIRECT(_xlpm.sheet & "!C1:M1")), 0 ), _xlpm.val, IFERROR(INDEX(INDIRECT(_xlpm.sheet & "!C2:M100"), _xlpm.rowMatch, _xlpm.colMatch), ""), IF(_xlpm.val="", "", _xlpm.val) )} | O46: {=_xlfn.LET( _xlpm.sheet, $D$2, _xlpm.rowMatch, MATCH( TRIM($D46)&"|"&TRIM($C46), TRIM(INDIRECT(_xlpm.sheet & "!A2:A45")) & "|" & TRIM(INDIRECT(_xlpm.sheet & "!B2:B45")), 0 ), _xlpm.colMatch, MATCH( TRIM(O$3), TRIM(INDIRECT(_xlpm.sheet & "!C1:M1")), 0 ), _xlpm.val, IFERROR(INDEX(INDIRECT(_xlpm.sheet & "!C2:M100"), _xlpm.rowMatch, _xlpm.colMatch), ""), IF(_xlpm.val="", "", _xlpm.val) )} | P46: {=_xlfn.LET( _xlpm.sheet, $D$2, _xlpm.rowMatch, MATCH( TRIM($D46)&"|"&TRIM($C46), TRIM(INDIRECT(_xlpm.sheet & "!A2:A45")) & "|" & TRIM(INDIRECT(_xlpm.sheet & "!B2:B45")), 0 ), _xlpm.colMatch, MATCH( TRIM(P$3), TRIM(INDIRECT(_xlpm.sheet & "!C1:M1")), 0 ), _xlpm.val, IFERROR(INDEX(INDIRECT(_xlpm.sheet & "!C2:M100"), _xlpm.rowMatch, _xlpm.colMatch), ""), IF(_xlpm.val="", "", _xlpm.val) )} | Q46: {=_xlfn.LET( _xlpm.sheet, $D$2, _xlpm.rowMatch, MATCH( TRIM($D46)&"|"&TRIM($C46), TRIM(INDIRECT(_xlpm.sheet & "!A2:A45")) & "|" & TRIM(INDIRECT(_xlpm.sheet & "!B2:B45")), 0 ), _xlpm.colMatch, MATCH( TRIM(Q$3), TRIM(INDIRECT(_xlpm.sheet & "!C1:M1")), 0 ), _xlpm.val, IFERROR(INDEX(INDIRECT(_xlpm.sheet & "!C2:M100"), _xlpm.rowMatch, _xlpm.colMatch), ""), IF(_xlpm.val="", "", _xlpm.val) )}
B47: {=IFERROR( IF( MOD(ROW()-ROW($B$4), COUNTA(使用方法!$B:$B)) = 0, IF(INDEX(使用方法!$A:$A, INT((ROW()-ROW($B$4))/COUNTA(使用方法!$B:$B))+1) = "", "", INDEX(使用方法!$A:$A, INT((ROW()-ROW($B$4))/COUNTA(使用方法!$B:$B))+1) ), "" ), "")} | C47: =IF(B47<>"", B47, C46) -> XGBoost | F47: {=_xlfn.LET( _xlpm.sheet, $D$2, _xlpm.rowMatch, MATCH( TRIM($D47)&"|"&TRIM($C47), TRIM(INDIRECT(_xlpm.sheet & "!A2:A45")) & "|" & TRIM(INDIRECT(_xlpm.sheet & "!B2:B45")), 0 ), _xlpm.colMatch, MATCH( TRIM(F$3), TRIM(INDIRECT(_xlpm.sheet & "!C1:M1")), 0 ), _xlpm.val, IFERROR(INDEX(INDIRECT(_xlpm.sheet & "!C2:M100"), _xlpm.rowMatch, _xlpm.colMatch), ""), IF(_xlpm.val="", "", _xlpm.val) )} | G47: {=_xlfn.LET( _xlpm.sheet, $D$2, _xlpm.rowMatch, MATCH( TRIM($D47)&"|"&TRIM($C47), TRIM(INDIRECT(_xlpm.sheet & "!A2:A45")) & "|" & TRIM(INDIRECT(_xlpm.sheet & "!B2:B45")), 0 ), _xlpm.colMatch, MATCH( TRIM(G$3), TRIM(INDIRECT(_xlpm.sheet & "!C1:M1")), 0 ), _xlpm.val, IFERROR(INDEX(INDIRECT(_xlpm.sheet & "!C2:M100"), _xlpm.rowMatch, _xlpm.colMatch), ""), IF(_xlpm.val="", "", _xlpm.val) )} | H47: {=_xlfn.LET( _xlpm.sheet, $D$2, _xlpm.rowMatch, MATCH( TRIM($D47)&"|"&TRIM($C47), TRIM(INDIRECT(_xlpm.sheet & "!A2:A45")) & "|" & TRIM(INDIRECT(_xlpm.sheet & "!B2:B45")), 0 ), _xlpm.colMatch, MATCH( TRIM(H$3), TRIM(INDIRECT(_xlpm.sheet & "!C1:M1")), 0 ), _xlpm.val, IFERROR(INDEX(INDIRECT(_xlpm.sheet & "!C2:M100"), _xlpm.rowMatch, _xlpm.colMatch), ""), IF(_xlpm.val="", "", _xlpm.val) )} | J47: {=_xlfn.LET( _xlpm.sheet, $D$2, _xlpm.rowMatch, MATCH( TRIM($D47)&"|"&TRIM($C47), TRIM(INDIRECT(_xlpm.sheet & "!A2:A45")) & "|" & TRIM(INDIRECT(_xlpm.sheet & "!B2:B45")), 0 ), _xlpm.colMatch, MATCH( TRIM(J$3), TRIM(INDIRECT(_xlpm.sheet & "!C1:M1")), 0 ), _xlpm.val, IFERROR(INDEX(INDIRECT(_xlpm.sheet & "!C2:M100"), _xlpm.rowMatch, _xlpm.colMatch), ""), IF(_xlpm.val="", "", _xlpm.val) )} | K47: {=_xlfn.LET( _xlpm.sheet, $D$2, _xlpm.rowMatch, MATCH( TRIM($D47)&"|"&TRIM($C47), TRIM(INDIRECT(_xlpm.sheet & "!A2:A45")) & "|" & TRIM(INDIRECT(_xlpm.sheet & "!B2:B45")), 0 ), _xlpm.colMatch, MATCH( TRIM(K$3), TRIM(INDIRECT(_xlpm.sheet & "!C1:M1")), 0 ), _xlpm.val, IFERROR(INDEX(INDIRECT(_xlpm.sheet & "!C2:M100"), _xlpm.rowMatch, _xlpm.colMatch), ""), IF(_xlpm.val="", "", _xlpm.val) )} | L47: {=_xlfn.LET( _xlpm.sheet, $D$2, _xlpm.rowMatch, MATCH( TRIM($D47)&"|"&TRIM($C47), TRIM(INDIRECT(_xlpm.sheet & "!A2:A45")) & "|" & TRIM(INDIRECT(_xlpm.sheet & "!B2:B45")), 0 ), _xlpm.colMatch, MATCH( TRIM(L$3), TRIM(INDIRECT(_xlpm.sheet & "!C1:M1")), 0 ), _xlpm.val, IFERROR(INDEX(INDIRECT(_xlpm.sheet & "!C2:M100"), _xlpm.rowMatch, _xlpm.colMatch), ""), IF(_xlpm.val="", "", _xlpm.val) )} | M47: {=_xlfn.LET( _xlpm.sheet, $D$2, _xlpm.rowMatch, MATCH( TRIM($D47)&"|"&TRIM($C47), TRIM(INDIRECT(_xlpm.sheet & "!A2:A45")) & "|" & TRIM(INDIRECT(_xlpm.sheet & "!B2:B45")), 0 ), _xlpm.colMatch, MATCH( TRIM(M$3), TRIM(INDIRECT(_xlpm.sheet & "!C1:M1")), 0 ), _xlpm.val, IFERROR(INDEX(INDIRECT(_xlpm.sheet & "!C2:M100"), _xlpm.rowMatch, _xlpm.colMatch), ""), IF(_xlpm.val="", "", _xlpm.val) )} | O47: {=_xlfn.LET( _xlpm.sheet, $D$2, _xlpm.rowMatch, MATCH( TRIM($D47)&"|"&TRIM($C47), TRIM(INDIRECT(_xlpm.sheet & "!A2:A45")) & "|" & TRIM(INDIRECT(_xlpm.sheet & "!B2:B45")), 0 ), _xlpm.colMatch, MATCH( TRIM(O$3), TRIM(INDIRECT(_xlpm.sheet & "!C1:M1")), 0 ), _xlpm.val, IFERROR(INDEX(INDIRECT(_xlpm.sheet & "!C2:M100"), _xlpm.rowMatch, _xlpm.colMatch), ""), IF(_xlpm.val="", "", _xlpm.val) )} | P47: {=_xlfn.LET( _xlpm.sheet, $D$2, _xlpm.rowMatch, MATCH( TRIM($D47)&"|"&TRIM($C47), TRIM(INDIRECT(_xlpm.sheet & "!A2:A45")) & "|" & TRIM(INDIRECT(_xlpm.sheet & "!B2:B45")), 0 ), _xlpm.colMatch, MATCH( TRIM(P$3), TRIM(INDIRECT(_xlpm.sheet & "!C1:M1")), 0 ), _xlpm.val, IFERROR(INDEX(INDIRECT(_xlpm.sheet & "!C2:M100"), _xlpm.rowMatch, _xlpm.colMatch), ""), IF(_xlpm.val="", "", _xlpm.val) )} | Q47: {=_xlfn.LET( _xlpm.sheet, $D$2, _xlpm.rowMatch, MATCH( TRIM($D47)&"|"&TRIM($C47), TRIM(INDIRECT(_xlpm.sheet & "!A2:A45")) & "|" & TRIM(INDIRECT(_xlpm.sheet & "!B2:B45")), 0 ), _xlpm.colMatch, MATCH( TRIM(Q$3), TRIM(INDIRECT(_xlpm.sheet & "!C1:M1")), 0 ), _xlpm.val, IFERROR(INDEX(INDIRECT(_xlpm.sheet & "!C2:M100"), _xlpm.rowMatch, _xlpm.colMatch), ""), IF(_xlpm.val="", "", _xlpm.val) )}
B48: {=IFERROR( IF( MOD(ROW()-ROW($B$4), COUNTA(使用方法!$B:$B)) = 0, IF(INDEX(使用方法!$A:$A, INT((ROW()-ROW($B$4))/COUNTA(使用方法!$B:$B))+1) = "", "", INDEX(使用方法!$A:$A, INT((ROW()-ROW($B$4))/COUNTA(使用方法!$B:$B))+1) ), "" ), "")} | C48: =IF(B48<>"", B48, C47) -> XGBoost | F48: {=_xlfn.LET( _xlpm.rowMatch, MATCH(TRIM($D48)&"|"&TRIM($C48), TRIM(Result00!$A$2:$A$45) &"|"& TRIM(Result00!$B$2:$B$45), 0), _xlpm.colMatch, MATCH(TRIM(F$3), TRIM(Result00!$C$1:$L$1), 0), _xlpm.val, IFERROR(INDEX(Result00!$C$2:$L$45, _xlpm.rowMatch, _xlpm.colMatch), ""), IF(_xlpm.val="", "", _xlpm.val) )} | G48: {=_xlfn.LET( _xlpm.rowMatch, MATCH(TRIM($D48)&"|"&TRIM($C48), TRIM(Result00!$A$2:$A$45) &"|"& TRIM(Result00!$B$2:$B$45), 0), _xlpm.colMatch, MATCH(TRIM(G$3), TRIM(Result00!$C$1:$L$1), 0), _xlpm.val, IFERROR(INDEX(Result00!$C$2:$L$45, _xlpm.rowMatch, _xlpm.colMatch), ""), IF(_xlpm.val="", "", _xlpm.val) )} | H48: {=_xlfn.LET( _xlpm.rowMatch, MATCH(TRIM($D48)&"|"&TRIM($C48), TRIM(Result00!$A$2:$A$45) &"|"& TRIM(Result00!$B$2:$B$45), 0), _xlpm.colMatch, MATCH(TRIM(H$3), TRIM(Result00!$C$1:$L$1), 0), _xlpm.val, IFERROR(INDEX(Result00!$C$2:$L$45, _xlpm.rowMatch, _xlpm.colMatch), ""), IF(_xlpm.val="", "", _xlpm.val) )} | J48: {=_xlfn.LET( _xlpm.rowMatch, MATCH(TRIM($D48)&"|"&TRIM($C48), TRIM(Result00!$A$2:$A$45) &"|"& TRIM(Result00!$B$2:$B$45), 0), _xlpm.colMatch, MATCH(TRIM(J$3), TRIM(Result00!$C$1:$L$1), 0), _xlpm.val, IFERROR(INDEX(Result00!$C$2:$L$45, _xlpm.rowMatch, _xlpm.colMatch), ""), IF(_xlpm.val="", "", _xlpm.val) )} | K48: {=_xlfn.LET( _xlpm.rowMatch, MATCH(TRIM($D48)&"|"&TRIM($C48), TRIM(Result00!$A$2:$A$45) &"|"& TRIM(Result00!$B$2:$B$45), 0), _xlpm.colMatch, MATCH(TRIM(K$3), TRIM(Result00!$C$1:$L$1), 0), _xlpm.val, IFERROR(INDEX(Result00!$C$2:$L$45, _xlpm.rowMatch, _xlpm.colMatch), ""), IF(_xlpm.val="", "", _xlpm.val) )} | L48: {=_xlfn.LET( _xlpm.rowMatch, MATCH(TRIM($D48)&"|"&TRIM($C48), TRIM(Result00!$A$2:$A$45) &"|"& TRIM(Result00!$B$2:$B$45), 0), _xlpm.colMatch, MATCH(TRIM(L$3), TRIM(Result00!$C$1:$L$1), 0), _xlpm.val, IFERROR(INDEX(Result00!$C$2:$L$45, _xlpm.rowMatch, _xlpm.colMatch), ""), IF(_xlpm.val="", "", _xlpm.val) )} | M48: {=_xlfn.LET( _xlpm.rowMatch, MATCH(TRIM($D48)&"|"&TRIM($C48), TRIM(Result00!$A$2:$A$45) &"|"& TRIM(Result00!$B$2:$B$45), 0), _xlpm.colMatch, MATCH(TRIM(M$3), TRIM(Result00!$C$1:$L$1), 0), _xlpm.val, IFERROR(INDEX(Result00!$C$2:$L$45, _xlpm.rowMatch, _xlpm.colMatch), ""), IF(_xlpm.val="", "", _xlpm.val) )} | O48: {=_xlfn.LET( _xlpm.rowMatch, MATCH(TRIM($D48)&"|"&TRIM($C48), TRIM(Result00!$A$2:$A$45) &"|"& TRIM(Result00!$B$2:$B$45), 0), _xlpm.colMatch, MATCH(TRIM(O$3), TRIM(Result00!$C$1:$L$1), 0), _xlpm.val, IFERROR(INDEX(Result00!$C$2:$L$45, _xlpm.rowMatch, _xlpm.colMatch), ""), IF(_xlpm.val="", "", _xlpm.val) )} | P48: {=_xlfn.LET( _xlpm.rowMatch, MATCH(TRIM($D48)&"|"&TRIM($C48), TRIM(Result00!$A$2:$A$45) &"|"& TRIM(Result00!$B$2:$B$45), 0), _xlpm.colMatch, MATCH(TRIM(P$3), TRIM(Result00!$C$1:$L$1), 0), _xlpm.val, IFERROR(INDEX(Result00!$C$2:$L$45, _xlpm.rowMatch, _xlpm.colMatch), ""), IF(_xlpm.val="", "", _xlpm.val) )} | Q48: {=_xlfn.LET( _xlpm.rowMatch, MATCH(TRIM($D48)&"|"&TRIM($C48), TRIM(Result00!$A$2:$A$45) &"|"& TRIM(Result00!$B$2:$B$45), 0), _xlpm.colMatch, MATCH(TRIM(Q$3), TRIM(Result00!$C$1:$L$1), 0), _xlpm.val, IFERROR(INDEX(Result00!$C$2:$L$45, _xlpm.rowMatch, _xlpm.colMatch), ""), IF(_xlpm.val="", "", _xlpm.val) )}
B49: {=IFERROR( IF( MOD(ROW()-ROW($B$4), COUNTA(使用方法!$B:$B)) = 0, IF(INDEX(使用方法!$A:$A, INT((ROW()-ROW($B$4))/COUNTA(使用方法!$B:$B))+1) = "", "", INDEX(使用方法!$A:$A, INT((ROW()-ROW($B$4))/COUNTA(使用方法!$B:$B))+1) ), "" ), "")} | C49: =IF(B49<>"", B49, C48) -> XGBoost | F49: {=_xlfn.LET( _xlpm.rowMatch, MATCH(TRIM($D49)&"|"&TRIM($C49), TRIM(Result00!$A$2:$A$45) &"|"& TRIM(Result00!$B$2:$B$45), 0), _xlpm.colMatch, MATCH(TRIM(F$3), TRIM(Result00!$C$1:$L$1), 0), _xlpm.val, IFERROR(INDEX(Result00!$C$2:$L$45, _xlpm.rowMatch, _xlpm.colMatch), ""), IF(_xlpm.val="", "", _xlpm.val) )} | G49: {=_xlfn.LET( _xlpm.rowMatch, MATCH(TRIM($D49)&"|"&TRIM($C49), TRIM(Result00!$A$2:$A$45) &"|"& TRIM(Result00!$B$2:$B$45), 0), _xlpm.colMatch, MATCH(TRIM(G$3), TRIM(Result00!$C$1:$L$1), 0), _xlpm.val, IFERROR(INDEX(Result00!$C$2:$L$45, _xlpm.rowMatch, _xlpm.colMatch), ""), IF(_xlpm.val="", "", _xlpm.val) )} | H49: {=_xlfn.LET( _xlpm.rowMatch, MATCH(TRIM($D49)&"|"&TRIM($C49), TRIM(Result00!$A$2:$A$45) &"|"& TRIM(Result00!$B$2:$B$45), 0), _xlpm.colMatch, MATCH(TRIM(H$3), TRIM(Result00!$C$1:$L$1), 0), _xlpm.val, IFERROR(INDEX(Result00!$C$2:$L$45, _xlpm.rowMatch, _xlpm.colMatch), ""), IF(_xlpm.val="", "", _xlpm.val) )} | J49: {=_xlfn.LET( _xlpm.rowMatch, MATCH(TRIM($D49)&"|"&TRIM($C49), TRIM(Result00!$A$2:$A$45) &"|"& TRIM(Result00!$B$2:$B$45), 0), _xlpm.colMatch, MATCH(TRIM(J$3), TRIM(Result00!$C$1:$L$1), 0), _xlpm.val, IFERROR(INDEX(Result00!$C$2:$L$45, _xlpm.rowMatch, _xlpm.colMatch), ""), IF(_xlpm.val="", "", _xlpm.val) )} | K49: {=_xlfn.LET( _xlpm.rowMatch, MATCH(TRIM($D49)&"|"&TRIM($C49), TRIM(Result00!$A$2:$A$45) &"|"& TRIM(Result00!$B$2:$B$45), 0), _xlpm.colMatch, MATCH(TRIM(K$3), TRIM(Result00!$C$1:$L$1), 0), _xlpm.val, IFERROR(INDEX(Result00!$C$2:$L$45, _xlpm.rowMatch, _xlpm.colMatch), ""), IF(_xlpm.val="", "", _xlpm.val) )} | L49: {=_xlfn.LET( _xlpm.rowMatch, MATCH(TRIM($D49)&"|"&TRIM($C49), TRIM(Result00!$A$2:$A$45) &"|"& TRIM(Result00!$B$2:$B$45), 0), _xlpm.colMatch, MATCH(TRIM(L$3), TRIM(Result00!$C$1:$L$1), 0), _xlpm.val, IFERROR(INDEX(Result00!$C$2:$L$45, _xlpm.rowMatch, _xlpm.colMatch), ""), IF(_xlpm.val="", "", _xlpm.val) )} | M49: {=_xlfn.LET( _xlpm.rowMatch, MATCH(TRIM($D49)&"|"&TRIM($C49), TRIM(Result00!$A$2:$A$45) &"|"& TRIM(Result00!$B$2:$B$45), 0), _xlpm.colMatch, MATCH(TRIM(M$3), TRIM(Result00!$C$1:$L$1), 0), _xlpm.val, IFERROR(INDEX(Result00!$C$2:$L$45, _xlpm.rowMatch, _xlpm.colMatch), ""), IF(_xlpm.val="", "", _xlpm.val) )} | O49: {=_xlfn.LET( _xlpm.rowMatch, MATCH(TRIM($D49)&"|"&TRIM($C49), TRIM(Result00!$A$2:$A$45) &"|"& TRIM(Result00!$B$2:$B$45), 0), _xlpm.colMatch, MATCH(TRIM(O$3), TRIM(Result00!$C$1:$L$1), 0), _xlpm.val, IFERROR(INDEX(Result00!$C$2:$L$45, _xlpm.rowMatch, _xlpm.colMatch), ""), IF(_xlpm.val="", "", _xlpm.val) )} | P49: {=_xlfn.LET( _xlpm.rowMatch, MATCH(TRIM($D49)&"|"&TRIM($C49), TRIM(Result00!$A$2:$A$45) &"|"& TRIM(Result00!$B$2:$B$45), 0), _xlpm.colMatch, MATCH(TRIM(P$3), TRIM(Result00!$C$1:$L$1), 0), _xlpm.val, IFERROR(INDEX(Result00!$C$2:$L$45, _xlpm.rowMatch, _xlpm.colMatch), ""), IF(_xlpm.val="", "", _xlpm.val) )} | Q49: {=_xlfn.LET( _xlpm.rowMatch, MATCH(TRIM($D49)&"|"&TRIM($C49), TRIM(Result00!$A$2:$A$45) &"|"& TRIM(Result00!$B$2:$B$45), 0), _xlpm.colMatch, MATCH(TRIM(Q$3), TRIM(Result00!$C$1:$L$1), 0), _xlpm.val, IFERROR(INDEX(Result00!$C$2:$L$45, _xlpm.rowMatch, _xlpm.colMatch), ""), IF(_xlpm.val="", "", _xlpm.val) )}
B50: {=IFERROR( IF( MOD(ROW()-ROW($B$4), COUNTA(使用方法!$B:$B)) = 0, IF(INDEX(使用方法!$A:$A, INT((ROW()-ROW($B$4))/COUNTA(使用方法!$B:$B))+1) = "", "", INDEX(使用方法!$A:$A, INT((ROW()-ROW($B$4))/COUNTA(使用方法!$B:$B))+1) ), "" ), "")} | C50: =IF(B50<>"", B50, C49) -> XGBoost | F50: {=_xlfn.LET( _xlpm.rowMatch, MATCH(TRIM($D50)&"|"&TRIM($C50), TRIM(Result00!$A$2:$A$45) &"|"& TRIM(Result00!$B$2:$B$45), 0), _xlpm.colMatch, MATCH(TRIM(F$3), TRIM(Result00!$C$1:$L$1), 0), _xlpm.val, IFERROR(INDEX(Result00!$C$2:$L$45, _xlpm.rowMatch, _xlpm.colMatch), ""), IF(_xlpm.val="", "", _xlpm.val) )} | G50: {=_xlfn.LET( _xlpm.rowMatch, MATCH(TRIM($D50)&"|"&TRIM($C50), TRIM(Result00!$A$2:$A$45) &"|"& TRIM(Result00!$B$2:$B$45), 0), _xlpm.colMatch, MATCH(TRIM(G$3), TRIM(Result00!$C$1:$L$1), 0), _xlpm.val, IFERROR(INDEX(Result00!$C$2:$L$45, _xlpm.rowMatch, _xlpm.colMatch), ""), IF(_xlpm.val="", "", _xlpm.val) )} | H50: {=_xlfn.LET( _xlpm.rowMatch, MATCH(TRIM($D50)&"|"&TRIM($C50), TRIM(Result00!$A$2:$A$45) &"|"& TRIM(Result00!$B$2:$B$45), 0), _xlpm.colMatch, MATCH(TRIM(H$3), TRIM(Result00!$C$1:$L$1), 0), _xlpm.val, IFERROR(INDEX(Result00!$C$2:$L$45, _xlpm.rowMatch, _xlpm.colMatch), ""), IF(_xlpm.val="", "", _xlpm.val) )} | J50: {=_xlfn.LET( _xlpm.rowMatch, MATCH(TRIM($D50)&"|"&TRIM($C50), TRIM(Result00!$A$2:$A$45) &"|"& TRIM(Result00!$B$2:$B$45), 0), _xlpm.colMatch, MATCH(TRIM(J$3), TRIM(Result00!$C$1:$L$1), 0), _xlpm.val, IFERROR(INDEX(Result00!$C$2:$L$45, _xlpm.rowMatch, _xlpm.colMatch), ""), IF(_xlpm.val="", "", _xlpm.val) )} | K50: {=_xlfn.LET( _xlpm.rowMatch, MATCH(TRIM($D50)&"|"&TRIM($C50), TRIM(Result00!$A$2:$A$45) &"|"& TRIM(Result00!$B$2:$B$45), 0), _xlpm.colMatch, MATCH(TRIM(K$3), TRIM(Result00!$C$1:$L$1), 0), _xlpm.val, IFERROR(INDEX(Result00!$C$2:$L$45, _xlpm.rowMatch, _xlpm.colMatch), ""), IF(_xlpm.val="", "", _xlpm.val) )} | L50: {=_xlfn.LET( _xlpm.rowMatch, MATCH(TRIM($D50)&"|"&TRIM($C50), TRIM(Result00!$A$2:$A$45) &"|"& TRIM(Result00!$B$2:$B$45), 0), _xlpm.colMatch, MATCH(TRIM(L$3), TRIM(Result00!$C$1:$L$1), 0), _xlpm.val, IFERROR(INDEX(Result00!$C$2:$L$45, _xlpm.rowMatch, _xlpm.colMatch), ""), IF(_xlpm.val="", "", _xlpm.val) )} | M50: {=_xlfn.LET( _xlpm.rowMatch, MATCH(TRIM($D50)&"|"&TRIM($C50), TRIM(Result00!$A$2:$A$45) &"|"& TRIM(Result00!$B$2:$B$45), 0), _xlpm.colMatch, MATCH(TRIM(M$3), TRIM(Result00!$C$1:$L$1), 0), _xlpm.val, IFERROR(INDEX(Result00!$C$2:$L$45, _xlpm.rowMatch, _xlpm.colMatch), ""), IF(_xlpm.val="", "", _xlpm.val) )} | O50: {=_xlfn.LET( _xlpm.rowMatch, MATCH(TRIM($D50)&"|"&TRIM($C50), TRIM(Result00!$A$2:$A$45) &"|"& TRIM(Result00!$B$2:$B$45), 0), _xlpm.colMatch, MATCH(TRIM(O$3), TRIM(Result00!$C$1:$L$1), 0), _xlpm.val, IFERROR(INDEX(Result00!$C$2:$L$45, _xlpm.rowMatch, _xlpm.colMatch), ""), IF(_xlpm.val="", "", _xlpm.val) )} | P50: {=_xlfn.LET( _xlpm.rowMatch, MATCH(TRIM($D50)&"|"&TRIM($C50), TRIM(Result00!$A$2:$A$45) &"|"& TRIM(Result00!$B$2:$B$45), 0), _xlpm.colMatch, MATCH(TRIM(P$3), TRIM(Result00!$C$1:$L$1), 0), _xlpm.val, IFERROR(INDEX(Result00!$C$2:$L$45, _xlpm.rowMatch, _xlpm.colMatch), ""), IF(_xlpm.val="", "", _xlpm.val) )} | Q50: {=_xlfn.LET( _xlpm.rowMatch, MATCH(TRIM($D50)&"|"&TRIM($C50), TRIM(Result00!$A$2:$A$45) &"|"& TRIM(Result00!$B$2:$B$45), 0), _xlpm.colMatch, MATCH(TRIM(Q$3), TRIM(Result00!$C$1:$L$1), 0), _xlpm.val, IFERROR(INDEX(Result00!$C$2:$L$45, _xlpm.rowMatch, _xlpm.colMatch), ""), IF(_xlpm.val="", "", _xlpm.val) )}
B51: {=IFERROR( IF( MOD(ROW()-ROW($B$4), COUNTA(使用方法!$B:$B)) = 0, IF(INDEX(使用方法!$A:$A, INT((ROW()-ROW($B$4))/COUNTA(使用方法!$B:$B))+1) = "", "", INDEX(使用方法!$A:$A, INT((ROW()-ROW($B$4))/COUNTA(使用方法!$B:$B))+1) ), "" ), "")} | C51: =IF(B51<>"", B51, C50) -> XGBoost | F51: {=_xlfn.LET( _xlpm.rowMatch, MATCH(TRIM($D51)&"|"&TRIM($C51), TRIM(Result00!$A$2:$A$45) &"|"& TRIM(Result00!$B$2:$B$45), 0), _xlpm.colMatch, MATCH(TRIM(F$3), TRIM(Result00!$C$1:$L$1), 0), _xlpm.val, IFERROR(INDEX(Result00!$C$2:$L$45, _xlpm.rowMatch, _xlpm.colMatch), ""), IF(_xlpm.val="", "", _xlpm.val) )} | G51: {=_xlfn.LET( _xlpm.rowMatch, MATCH(TRIM($D51)&"|"&TRIM($C51), TRIM(Result00!$A$2:$A$45) &"|"& TRIM(Result00!$B$2:$B$45), 0), _xlpm.colMatch, MATCH(TRIM(G$3), TRIM(Result00!$C$1:$L$1), 0), _xlpm.val, IFERROR(INDEX(Result00!$C$2:$L$45, _xlpm.rowMatch, _xlpm.colMatch), ""), IF(_xlpm.val="", "", _xlpm.val) )} | H51: {=_xlfn.LET( _xlpm.rowMatch, MATCH(TRIM($D51)&"|"&TRIM($C51), TRIM(Result00!$A$2:$A$45) &"|"& TRIM(Result00!$B$2:$B$45), 0), _xlpm.colMatch, MATCH(TRIM(H$3), TRIM(Result00!$C$1:$L$1), 0), _xlpm.val, IFERROR(INDEX(Result00!$C$2:$L$45, _xlpm.rowMatch, _xlpm.colMatch), ""), IF(_xlpm.val="", "", _xlpm.val) )} | J51: {=_xlfn.LET( _xlpm.rowMatch, MATCH(TRIM($D51)&"|"&TRIM($C51), TRIM(Result00!$A$2:$A$45) &"|"& TRIM(Result00!$B$2:$B$45), 0), _xlpm.colMatch, MATCH(TRIM(J$3), TRIM(Result00!$C$1:$L$1), 0), _xlpm.val, IFERROR(INDEX(Result00!$C$2:$L$45, _xlpm.rowMatch, _xlpm.colMatch), ""), IF(_xlpm.val="", "", _xlpm.val) )} | K51: {=_xlfn.LET( _xlpm.rowMatch, MATCH(TRIM($D51)&"|"&TRIM($C51), TRIM(Result00!$A$2:$A$45) &"|"& TRIM(Result00!$B$2:$B$45), 0), _xlpm.colMatch, MATCH(TRIM(K$3), TRIM(Result00!$C$1:$L$1), 0), _xlpm.val, IFERROR(INDEX(Result00!$C$2:$L$45, _xlpm.rowMatch, _xlpm.colMatch), ""), IF(_xlpm.val="", "", _xlpm.val) )} | L51: {=_xlfn.LET( _xlpm.rowMatch, MATCH(TRIM($D51)&"|"&TRIM($C51), TRIM(Result00!$A$2:$A$45) &"|"& TRIM(Result00!$B$2:$B$45), 0), _xlpm.colMatch, MATCH(TRIM(L$3), TRIM(Result00!$C$1:$L$1), 0), _xlpm.val, IFERROR(INDEX(Result00!$C$2:$L$45, _xlpm.rowMatch, _xlpm.colMatch), ""), IF(_xlpm.val="", "", _xlpm.val) )} | M51: {=_xlfn.LET( _xlpm.rowMatch, MATCH(TRIM($D51)&"|"&TRIM($C51), TRIM(Result00!$A$2:$A$45) &"|"& TRIM(Result00!$B$2:$B$45), 0), _xlpm.colMatch, MATCH(TRIM(M$3), TRIM(Result00!$C$1:$L$1), 0), _xlpm.val, IFERROR(INDEX(Result00!$C$2:$L$45, _xlpm.rowMatch, _xlpm.colMatch), ""), IF(_xlpm.val="", "", _xlpm.val) )} | O51: {=_xlfn.LET( _xlpm.rowMatch, MATCH(TRIM($D51)&"|"&TRIM($C51), TRIM(Result00!$A$2:$A$45) &"|"& TRIM(Result00!$B$2:$B$45), 0), _xlpm.colMatch, MATCH(TRIM(O$3), TRIM(Result00!$C$1:$L$1), 0), _xlpm.val, IFERROR(INDEX(Result00!$C$2:$L$45, _xlpm.rowMatch, _xlpm.colMatch), ""), IF(_xlpm.val="", "", _xlpm.val) )} | P51: {=_xlfn.LET( _xlpm.rowMatch, MATCH(TRIM($D51)&"|"&TRIM($C51), TRIM(Result00!$A$2:$A$45) &"|"& TRIM(Result00!$B$2:$B$45), 0), _xlpm.colMatch, MATCH(TRIM(P$3), TRIM(Result00!$C$1:$L$1), 0), _xlpm.val, IFERROR(INDEX(Result00!$C$2:$L$45, _xlpm.rowMatch, _xlpm.colMatch), ""), IF(_xlpm.val="", "", _xlpm.val) )} | Q51: {=_xlfn.LET( _xlpm.rowMatch, MATCH(TRIM($D51)&"|"&TRIM($C51), TRIM(Result00!$A$2:$A$45) &"|"& TRIM(Result00!$B$2:$B$45), 0), _xlpm.colMatch, MATCH(TRIM(Q$3), TRIM(Result00!$C$1:$L$1), 0), _xlpm.val, IFERROR(INDEX(Result00!$C$2:$L$45, _xlpm.rowMatch, _xlpm.colMatch), ""), IF(_xlpm.val="", "", _xlpm.val) )}
B52: {=IFERROR( IF( MOD(ROW()-ROW($B$4), COUNTA(使用方法!$B:$B)) = 0, IF(INDEX(使用方法!$A:$A, INT((ROW()-ROW($B$4))/COUNTA(使用方法!$B:$B))+1) = "", "", INDEX(使用方法!$A:$A, INT((ROW()-ROW($B$4))/COUNTA(使用方法!$B:$B))+1) ), "" ), "")} | C52: =IF(B52<>"", B52, C51) -> XGBoost | F52: {=_xlfn.LET( _xlpm.rowMatch, MATCH(TRIM($D52)&"|"&TRIM($C52), TRIM(Result00!$A$2:$A$45) &"|"& TRIM(Result00!$B$2:$B$45), 0), _xlpm.colMatch, MATCH(TRIM(F$3), TRIM(Result00!$C$1:$L$1), 0), _xlpm.val, IFERROR(INDEX(Result00!$C$2:$L$45, _xlpm.rowMatch, _xlpm.colMatch), ""), IF(_xlpm.val="", "", _xlpm.val) )} | G52: {=_xlfn.LET( _xlpm.rowMatch, MATCH(TRIM($D52)&"|"&TRIM($C52), TRIM(Result00!$A$2:$A$45) &"|"& TRIM(Result00!$B$2:$B$45), 0), _xlpm.colMatch, MATCH(TRIM(G$3), TRIM(Result00!$C$1:$L$1), 0), _xlpm.val, IFERROR(INDEX(Result00!$C$2:$L$45, _xlpm.rowMatch, _xlpm.colMatch), ""), IF(_xlpm.val="", "", _xlpm.val) )} | H52: {=_xlfn.LET( _xlpm.rowMatch, MATCH(TRIM($D52)&"|"&TRIM($C52), TRIM(Result00!$A$2:$A$45) &"|"& TRIM(Result00!$B$2:$B$45), 0), _xlpm.colMatch, MATCH(TRIM(H$3), TRIM(Result00!$C$1:$L$1), 0), _xlpm.val, IFERROR(INDEX(Result00!$C$2:$L$45, _xlpm.rowMatch, _xlpm.colMatch), ""), IF(_xlpm.val="", "", _xlpm.val) )} | J52: {=_xlfn.LET( _xlpm.rowMatch, MATCH(TRIM($D52)&"|"&TRIM($C52), TRIM(Result00!$A$2:$A$45) &"|"& TRIM(Result00!$B$2:$B$45), 0), _xlpm.colMatch, MATCH(TRIM(J$3), TRIM(Result00!$C$1:$L$1), 0), _xlpm.val, IFERROR(INDEX(Result00!$C$2:$L$45, _xlpm.rowMatch, _xlpm.colMatch), ""), IF(_xlpm.val="", "", _xlpm.val) )} | K52: {=_xlfn.LET( _xlpm.rowMatch, MATCH(TRIM($D52)&"|"&TRIM($C52), TRIM(Result00!$A$2:$A$45) &"|"& TRIM(Result00!$B$2:$B$45), 0), _xlpm.colMatch, MATCH(TRIM(K$3), TRIM(Result00!$C$1:$L$1), 0), _xlpm.val, IFERROR(INDEX(Result00!$C$2:$L$45, _xlpm.rowMatch, _xlpm.colMatch), ""), IF(_xlpm.val="", "", _xlpm.val) )} | L52: {=_xlfn.LET( _xlpm.rowMatch, MATCH(TRIM($D52)&"|"&TRIM($C52), TRIM(Result00!$A$2:$A$45) &"|"& TRIM(Result00!$B$2:$B$45), 0), _xlpm.colMatch, MATCH(TRIM(L$3), TRIM(Result00!$C$1:$L$1), 0), _xlpm.val, IFERROR(INDEX(Result00!$C$2:$L$45, _xlpm.rowMatch, _xlpm.colMatch), ""), IF(_xlpm.val="", "", _xlpm.val) )} | M52: {=_xlfn.LET( _xlpm.rowMatch, MATCH(TRIM($D52)&"|"&TRIM($C52), TRIM(Result00!$A$2:$A$45) &"|"& TRIM(Result00!$B$2:$B$45), 0), _xlpm.colMatch, MATCH(TRIM(M$3), TRIM(Result00!$C$1:$L$1), 0), _xlpm.val, IFERROR(INDEX(Result00!$C$2:$L$45, _xlpm.rowMatch, _xlpm.colMatch), ""), IF(_xlpm.val="", "", _xlpm.val) )} | O52: {=_xlfn.LET( _xlpm.rowMatch, MATCH(TRIM($D52)&"|"&TRIM($C52), TRIM(Result00!$A$2:$A$45) &"|"& TRIM(Result00!$B$2:$B$45), 0), _xlpm.colMatch, MATCH(TRIM(O$3), TRIM(Result00!$C$1:$L$1), 0), _xlpm.val, IFERROR(INDEX(Result00!$C$2:$L$45, _xlpm.rowMatch, _xlpm.colMatch), ""), IF(_xlpm.val="", "", _xlpm.val) )} | P52: {=_xlfn.LET( _xlpm.rowMatch, MATCH(TRIM($D52)&"|"&TRIM($C52), TRIM(Result00!$A$2:$A$45) &"|"& TRIM(Result00!$B$2:$B$45), 0), _xlpm.colMatch, MATCH(TRIM(P$3), TRIM(Result00!$C$1:$L$1), 0), _xlpm.val, IFERROR(INDEX(Result00!$C$2:$L$45, _xlpm.rowMatch, _xlpm.colMatch), ""), IF(_xlpm.val="", "", _xlpm.val) )} | Q52: {=_xlfn.LET( _xlpm.rowMatch, MATCH(TRIM($D52)&"|"&TRIM($C52), TRIM(Result00!$A$2:$A$45) &"|"& TRIM(Result00!$B$2:$B$45), 0), _xlpm.colMatch, MATCH(TRIM(Q$3), TRIM(Result00!$C$1:$L$1), 0), _xlpm.val, IFERROR(INDEX(Result00!$C$2:$L$45, _xlpm.rowMatch, _xlpm.colMatch), ""), IF(_xlpm.val="", "", _xlpm.val) )}
B53: {=IFERROR( IF( MOD(ROW()-ROW($B$4), COUNTA(使用方法!$B:$B)) = 0, IF(INDEX(使用方法!$A:$A, INT((ROW()-ROW($B$4))/COUNTA(使用方法!$B:$B))+1) = "", "", INDEX(使用方法!$A:$A, INT((ROW()-ROW($B$4))/COUNTA(使用方法!$B:$B))+1) ), "" ), "")} | C53: =IF(B53<>"", B53, C52) -> XGBoost | F53: {=_xlfn.LET( _xlpm.rowMatch, MATCH(TRIM($D53)&"|"&TRIM($C53), TRIM(Result00!$A$2:$A$45) &"|"& TRIM(Result00!$B$2:$B$45), 0), _xlpm.colMatch, MATCH(TRIM(F$3), TRIM(Result00!$C$1:$L$1), 0), _xlpm.val, IFERROR(INDEX(Result00!$C$2:$L$45, _xlpm.rowMatch, _xlpm.colMatch), ""), IF(_xlpm.val="", "", _xlpm.val) )} | G53: {=_xlfn.LET( _xlpm.rowMatch, MATCH(TRIM($D53)&"|"&TRIM($C53), TRIM(Result00!$A$2:$A$45) &"|"& TRIM(Result00!$B$2:$B$45), 0), _xlpm.colMatch, MATCH(TRIM(G$3), TRIM(Result00!$C$1:$L$1), 0), _xlpm.val, IFERROR(INDEX(Result00!$C$2:$L$45, _xlpm.rowMatch, _xlpm.colMatch), ""), IF(_xlpm.val="", "", _xlpm.val) )} | H53: {=_xlfn.LET( _xlpm.rowMatch, MATCH(TRIM($D53)&"|"&TRIM($C53), TRIM(Result00!$A$2:$A$45) &"|"& TRIM(Result00!$B$2:$B$45), 0), _xlpm.colMatch, MATCH(TRIM(H$3), TRIM(Result00!$C$1:$L$1), 0), _xlpm.val, IFERROR(INDEX(Result00!$C$2:$L$45, _xlpm.rowMatch, _xlpm.colMatch), ""), IF(_xlpm.val="", "", _xlpm.val) )} | J53: {=_xlfn.LET( _xlpm.rowMatch, MATCH(TRIM($D53)&"|"&TRIM($C53), TRIM(Result00!$A$2:$A$45) &"|"& TRIM(Result00!$B$2:$B$45), 0), _xlpm.colMatch, MATCH(TRIM(J$3), TRIM(Result00!$C$1:$L$1), 0), _xlpm.val, IFERROR(INDEX(Result00!$C$2:$L$45, _xlpm.rowMatch, _xlpm.colMatch), ""), IF(_xlpm.val="", "", _xlpm.val) )} | K53: {=_xlfn.LET( _xlpm.rowMatch, MATCH(TRIM($D53)&"|"&TRIM($C53), TRIM(Result00!$A$2:$A$45) &"|"& TRIM(Result00!$B$2:$B$45), 0), _xlpm.colMatch, MATCH(TRIM(K$3), TRIM(Result00!$C$1:$L$1), 0), _xlpm.val, IFERROR(INDEX(Result00!$C$2:$L$45, _xlpm.rowMatch, _xlpm.colMatch), ""), IF(_xlpm.val="", "", _xlpm.val) )} | L53: {=_xlfn.LET( _xlpm.rowMatch, MATCH(TRIM($D53)&"|"&TRIM($C53), TRIM(Result00!$A$2:$A$45) &"|"& TRIM(Result00!$B$2:$B$45), 0), _xlpm.colMatch, MATCH(TRIM(L$3), TRIM(Result00!$C$1:$L$1), 0), _xlpm.val, IFERROR(INDEX(Result00!$C$2:$L$45, _xlpm.rowMatch, _xlpm.colMatch), ""), IF(_xlpm.val="", "", _xlpm.val) )} | M53: {=_xlfn.LET( _xlpm.rowMatch, MATCH(TRIM($D53)&"|"&TRIM($C53), TRIM(Result00!$A$2:$A$45) &"|"& TRIM(Result00!$B$2:$B$45), 0), _xlpm.colMatch, MATCH(TRIM(M$3), TRIM(Result00!$C$1:$L$1), 0), _xlpm.val, IFERROR(INDEX(Result00!$C$2:$L$45, _xlpm.rowMatch, _xlpm.colMatch), ""), IF(_xlpm.val="", "", _xlpm.val) )} | O53: {=_xlfn.LET( _xlpm.rowMatch, MATCH(TRIM($D53)&"|"&TRIM($C53), TRIM(Result00!$A$2:$A$45) &"|"& TRIM(Result00!$B$2:$B$45), 0), _xlpm.colMatch, MATCH(TRIM(O$3), TRIM(Result00!$C$1:$L$1), 0), _xlpm.val, IFERROR(INDEX(Result00!$C$2:$L$45, _xlpm.rowMatch, _xlpm.colMatch), ""), IF(_xlpm.val="", "", _xlpm.val) )} | P53: {=_xlfn.LET( _xlpm.rowMatch, MATCH(TRIM($D53)&"|"&TRIM($C53), TRIM(Result00!$A$2:$A$45) &"|"& TRIM(Result00!$B$2:$B$45), 0), _xlpm.colMatch, MATCH(TRIM(P$3), TRIM(Result00!$C$1:$L$1), 0), _xlpm.val, IFERROR(INDEX(Result00!$C$2:$L$45, _xlpm.rowMatch, _xlpm.colMatch), ""), IF(_xlpm.val="", "", _xlpm.val) )} | Q53: {=_xlfn.LET( _xlpm.rowMatch, MATCH(TRIM($D53)&"|"&TRIM($C53), TRIM(Result00!$A$2:$A$45) &"|"& TRIM(Result00!$B$2:$B$45), 0), _xlpm.colMatch, MATCH(TRIM(Q$3), TRIM(Result00!$C$1:$L$1), 0), _xlpm.val, IFERROR(INDEX(Result00!$C$2:$L$45, _xlpm.rowMatch, _xlpm.colMatch), ""), IF(_xlpm.val="", "", _xlpm.val) )}
B54: {=IFERROR( IF( MOD(ROW()-ROW($B$4), COUNTA(使用方法!$B:$B)) = 0, IF(INDEX(使用方法!$A:$A, INT((ROW()-ROW($B$4))/COUNTA(使用方法!$B:$B))+1) = "", "", INDEX(使用方法!$A:$A, INT((ROW()-ROW($B$4))/COUNTA(使用方法!$B:$B))+1) ), "" ), "")} | C54: =IF(B54<>"", B54, C53) -> XGBoost | F54: {=_xlfn.LET( _xlpm.rowMatch, MATCH(TRIM($D54)&"|"&TRIM($C54), TRIM(Result00!$A$2:$A$45) &"|"& TRIM(Result00!$B$2:$B$45), 0), _xlpm.colMatch, MATCH(TRIM(F$3), TRIM(Result00!$C$1:$L$1), 0), _xlpm.val, IFERROR(INDEX(Result00!$C$2:$L$45, _xlpm.rowMatch, _xlpm.colMatch), ""), IF(_xlpm.val="", "", _xlpm.val) )} | G54: {=_xlfn.LET( _xlpm.rowMatch, MATCH(TRIM($D54)&"|"&TRIM($C54), TRIM(Result00!$A$2:$A$45) &"|"& TRIM(Result00!$B$2:$B$45), 0), _xlpm.colMatch, MATCH(TRIM(G$3), TRIM(Result00!$C$1:$L$1), 0), _xlpm.val, IFERROR(INDEX(Result00!$C$2:$L$45, _xlpm.rowMatch, _xlpm.colMatch), ""), IF(_xlpm.val="", "", _xlpm.val) )} | H54: {=_xlfn.LET( _xlpm.rowMatch, MATCH(TRIM($D54)&"|"&TRIM($C54), TRIM(Result00!$A$2:$A$45) &"|"& TRIM(Result00!$B$2:$B$45), 0), _xlpm.colMatch, MATCH(TRIM(H$3), TRIM(Result00!$C$1:$L$1), 0), _xlpm.val, IFERROR(INDEX(Result00!$C$2:$L$45, _xlpm.rowMatch, _xlpm.colMatch), ""), IF(_xlpm.val="", "", _xlpm.val) )} | J54: {=_xlfn.LET( _xlpm.rowMatch, MATCH(TRIM($D54)&"|"&TRIM($C54), TRIM(Result00!$A$2:$A$45) &"|"& TRIM(Result00!$B$2:$B$45), 0), _xlpm.colMatch, MATCH(TRIM(J$3), TRIM(Result00!$C$1:$L$1), 0), _xlpm.val, IFERROR(INDEX(Result00!$C$2:$L$45, _xlpm.rowMatch, _xlpm.colMatch), ""), IF(_xlpm.val="", "", _xlpm.val) )} | K54: {=_xlfn.LET( _xlpm.rowMatch, MATCH(TRIM($D54)&"|"&TRIM($C54), TRIM(Result00!$A$2:$A$45) &"|"& TRIM(Result00!$B$2:$B$45), 0), _xlpm.colMatch, MATCH(TRIM(K$3), TRIM(Result00!$C$1:$L$1), 0), _xlpm.val, IFERROR(INDEX(Result00!$C$2:$L$45, _xlpm.rowMatch, _xlpm.colMatch), ""), IF(_xlpm.val="", "", _xlpm.val) )} | L54: {=_xlfn.LET( _xlpm.rowMatch, MATCH(TRIM($D54)&"|"&TRIM($C54), TRIM(Result00!$A$2:$A$45) &"|"& TRIM(Result00!$B$2:$B$45), 0), _xlpm.colMatch, MATCH(TRIM(L$3), TRIM(Result00!$C$1:$L$1), 0), _xlpm.val, IFERROR(INDEX(Result00!$C$2:$L$45, _xlpm.rowMatch, _xlpm.colMatch), ""), IF(_xlpm.val="", "", _xlpm.val) )} | M54: {=_xlfn.LET( _xlpm.rowMatch, MATCH(TRIM($D54)&"|"&TRIM($C54), TRIM(Result00!$A$2:$A$45) &"|"& TRIM(Result00!$B$2:$B$45), 0), _xlpm.colMatch, MATCH(TRIM(M$3), TRIM(Result00!$C$1:$L$1), 0), _xlpm.val, IFERROR(INDEX(Result00!$C$2:$L$45, _xlpm.rowMatch, _xlpm.colMatch), ""), IF(_xlpm.val="", "", _xlpm.val) )} | O54: {=_xlfn.LET( _xlpm.rowMatch, MATCH(TRIM($D54)&"|"&TRIM($C54), TRIM(Result00!$A$2:$A$45) &"|"& TRIM(Result00!$B$2:$B$45), 0), _xlpm.colMatch, MATCH(TRIM(O$3), TRIM(Result00!$C$1:$L$1), 0), _xlpm.val, IFERROR(INDEX(Result00!$C$2:$L$45, _xlpm.rowMatch, _xlpm.colMatch), ""), IF(_xlpm.val="", "", _xlpm.val) )} | P54: {=_xlfn.LET( _xlpm.rowMatch, MATCH(TRIM($D54)&"|"&TRIM($C54), TRIM(Result00!$A$2:$A$45) &"|"& TRIM(Result00!$B$2:$B$45), 0), _xlpm.colMatch, MATCH(TRIM(P$3), TRIM(Result00!$C$1:$L$1), 0), _xlpm.val, IFERROR(INDEX(Result00!$C$2:$L$45, _xlpm.rowMatch, _xlpm.colMatch), ""), IF(_xlpm.val="", "", _xlpm.val) )} | Q54: {=_xlfn.LET( _xlpm.rowMatch, MATCH(TRIM($D54)&"|"&TRIM($C54), TRIM(Result00!$A$2:$A$45) &"|"& TRIM(Result00!$B$2:$B$45), 0), _xlpm.colMatch, MATCH(TRIM(Q$3), TRIM(Result00!$C$1:$L$1), 0), _xlpm.val, IFERROR(INDEX(Result00!$C$2:$L$45, _xlpm.rowMatch, _xlpm.colMatch), ""), IF(_xlpm.val="", "", _xlpm.val) )}
B55: {=IFERROR( IF( MOD(ROW()-ROW($B$4), COUNTA(使用方法!$B:$B)) = 0, IF(INDEX(使用方法!$A:$A, INT((ROW()-ROW($B$4))/COUNTA(使用方法!$B:$B))+1) = "", "", INDEX(使用方法!$A:$A, INT((ROW()-ROW($B$4))/COUNTA(使用方法!$B:$B))+1) ), "" ), "")} | C55: =IF(B55<>"", B55, C54) -> XGBoost | F55: {=_xlfn.LET( _xlpm.rowMatch, MATCH(TRIM($D55)&"|"&TRIM($C55), TRIM(Result00!$A$2:$A$45) &"|"& TRIM(Result00!$B$2:$B$45), 0), _xlpm.colMatch, MATCH(TRIM(F$3), TRIM(Result00!$C$1:$L$1), 0), _xlpm.val, IFERROR(INDEX(Result00!$C$2:$L$45, _xlpm.rowMatch, _xlpm.colMatch), ""), IF(_xlpm.val="", "", _xlpm.val) )} | G55: {=_xlfn.LET( _xlpm.rowMatch, MATCH(TRIM($D55)&"|"&TRIM($C55), TRIM(Result00!$A$2:$A$45) &"|"& TRIM(Result00!$B$2:$B$45), 0), _xlpm.colMatch, MATCH(TRIM(G$3), TRIM(Result00!$C$1:$L$1), 0), _xlpm.val, IFERROR(INDEX(Result00!$C$2:$L$45, _xlpm.rowMatch, _xlpm.colMatch), ""), IF(_xlpm.val="", "", _xlpm.val) )} | H55: {=_xlfn.LET( _xlpm.rowMatch, MATCH(TRIM($D55)&"|"&TRIM($C55), TRIM(Result00!$A$2:$A$45) &"|"& TRIM(Result00!$B$2:$B$45), 0), _xlpm.colMatch, MATCH(TRIM(H$3), TRIM(Result00!$C$1:$L$1), 0), _xlpm.val, IFERROR(INDEX(Result00!$C$2:$L$45, _xlpm.rowMatch, _xlpm.colMatch), ""), IF(_xlpm.val="", "", _xlpm.val) )} | J55: {=_xlfn.LET( _xlpm.rowMatch, MATCH(TRIM($D55)&"|"&TRIM($C55), TRIM(Result00!$A$2:$A$45) &"|"& TRIM(Result00!$B$2:$B$45), 0), _xlpm.colMatch, MATCH(TRIM(J$3), TRIM(Result00!$C$1:$L$1), 0), _xlpm.val, IFERROR(INDEX(Result00!$C$2:$L$45, _xlpm.rowMatch, _xlpm.colMatch), ""), IF(_xlpm.val="", "", _xlpm.val) )} | K55: {=_xlfn.LET( _xlpm.rowMatch, MATCH(TRIM($D55)&"|"&TRIM($C55), TRIM(Result00!$A$2:$A$45) &"|"& TRIM(Result00!$B$2:$B$45), 0), _xlpm.colMatch, MATCH(TRIM(K$3), TRIM(Result00!$C$1:$L$1), 0), _xlpm.val, IFERROR(INDEX(Result00!$C$2:$L$45, _xlpm.rowMatch, _xlpm.colMatch), ""), IF(_xlpm.val="", "", _xlpm.val) )} | L55: {=_xlfn.LET( _xlpm.rowMatch, MATCH(TRIM($D55)&"|"&TRIM($C55), TRIM(Result00!$A$2:$A$45) &"|"& TRIM(Result00!$B$2:$B$45), 0), _xlpm.colMatch, MATCH(TRIM(L$3), TRIM(Result00!$C$1:$L$1), 0), _xlpm.val, IFERROR(INDEX(Result00!$C$2:$L$45, _xlpm.rowMatch, _xlpm.colMatch), ""), IF(_xlpm.val="", "", _xlpm.val) )} | M55: {=_xlfn.LET( _xlpm.rowMatch, MATCH(TRIM($D55)&"|"&TRIM($C55), TRIM(Result00!$A$2:$A$45) &"|"& TRIM(Result00!$B$2:$B$45), 0), _xlpm.colMatch, MATCH(TRIM(M$3), TRIM(Result00!$C$1:$L$1), 0), _xlpm.val, IFERROR(INDEX(Result00!$C$2:$L$45, _xlpm.rowMatch, _xlpm.colMatch), ""), IF(_xlpm.val="", "", _xlpm.val) )} | O55: {=_xlfn.LET( _xlpm.rowMatch, MATCH(TRIM($D55)&"|"&TRIM($C55), TRIM(Result00!$A$2:$A$45) &"|"& TRIM(Result00!$B$2:$B$45), 0), _xlpm.colMatch, MATCH(TRIM(O$3), TRIM(Result00!$C$1:$L$1), 0), _xlpm.val, IFERROR(INDEX(Result00!$C$2:$L$45, _xlpm.rowMatch, _xlpm.colMatch), ""), IF(_xlpm.val="", "", _xlpm.val) )} | P55: {=_xlfn.LET( _xlpm.rowMatch, MATCH(TRIM($D55)&"|"&TRIM($C55), TRIM(Result00!$A$2:$A$45) &"|"& TRIM(Result00!$B$2:$B$45), 0), _xlpm.colMatch, MATCH(TRIM(P$3), TRIM(Result00!$C$1:$L$1), 0), _xlpm.val, IFERROR(INDEX(Result00!$C$2:$L$45, _xlpm.rowMatch, _xlpm.colMatch), ""), IF(_xlpm.val="", "", _xlpm.val) )} | Q55: {=_xlfn.LET( _xlpm.rowMatch, MATCH(TRIM($D55)&"|"&TRIM($C55), TRIM(Result00!$A$2:$A$45) &"|"& TRIM(Result00!$B$2:$B$45), 0), _xlpm.colMatch, MATCH(TRIM(Q$3), TRIM(Result00!$C$1:$L$1), 0), _xlpm.val, IFERROR(INDEX(Result00!$C$2:$L$45, _xlpm.rowMatch, _xlpm.colMatch), ""), IF(_xlpm.val="", "", _xlpm.val) )}
B56: {=IFERROR( IF( MOD(ROW()-ROW($B$4), COUNTA(使用方法!$B:$B)) = 0, IF(INDEX(使用方法!$A:$A, INT((ROW()-ROW($B$4))/COUNTA(使用方法!$B:$B))+1) = "", "", INDEX(使用方法!$A:$A, INT((ROW()-ROW($B$4))/COUNTA(使用方法!$B:$B))+1) ), "" ), "")} | C56: =IF(B56<>"", B56, C55) -> XGBoost | F56: {=_xlfn.LET( _xlpm.rowMatch, MATCH(TRIM($D56)&"|"&TRIM($C56), TRIM(Result00!$A$2:$A$45) &"|"& TRIM(Result00!$B$2:$B$45), 0), _xlpm.colMatch, MATCH(TRIM(F$3), TRIM(Result00!$C$1:$L$1), 0), _xlpm.val, IFERROR(INDEX(Result00!$C$2:$L$45, _xlpm.rowMatch, _xlpm.colMatch), ""), IF(_xlpm.val="", "", _xlpm.val) )} | G56: {=_xlfn.LET( _xlpm.rowMatch, MATCH(TRIM($D56)&"|"&TRIM($C56), TRIM(Result00!$A$2:$A$45) &"|"& TRIM(Result00!$B$2:$B$45), 0), _xlpm.colMatch, MATCH(TRIM(G$3), TRIM(Result00!$C$1:$L$1), 0), _xlpm.val, IFERROR(INDEX(Result00!$C$2:$L$45, _xlpm.rowMatch, _xlpm.colMatch), ""), IF(_xlpm.val="", "", _xlpm.val) )} | H56: {=_xlfn.LET( _xlpm.rowMatch, MATCH(TRIM($D56)&"|"&TRIM($C56), TRIM(Result00!$A$2:$A$45) &"|"& TRIM(Result00!$B$2:$B$45), 0), _xlpm.colMatch, MATCH(TRIM(H$3), TRIM(Result00!$C$1:$L$1), 0), _xlpm.val, IFERROR(INDEX(Result00!$C$2:$L$45, _xlpm.rowMatch, _xlpm.colMatch), ""), IF(_xlpm.val="", "", _xlpm.val) )} | J56: {=_xlfn.LET( _xlpm.rowMatch, MATCH(TRIM($D56)&"|"&TRIM($C56), TRIM(Result00!$A$2:$A$45) &"|"& TRIM(Result00!$B$2:$B$45), 0), _xlpm.colMatch, MATCH(TRIM(J$3), TRIM(Result00!$C$1:$L$1), 0), _xlpm.val, IFERROR(INDEX(Result00!$C$2:$L$45, _xlpm.rowMatch, _xlpm.colMatch), ""), IF(_xlpm.val="", "", _xlpm.val) )} | K56: {=_xlfn.LET( _xlpm.rowMatch, MATCH(TRIM($D56)&"|"&TRIM($C56), TRIM(Result00!$A$2:$A$45) &"|"& TRIM(Result00!$B$2:$B$45), 0), _xlpm.colMatch, MATCH(TRIM(K$3), TRIM(Result00!$C$1:$L$1), 0), _xlpm.val, IFERROR(INDEX(Result00!$C$2:$L$45, _xlpm.rowMatch, _xlpm.colMatch), ""), IF(_xlpm.val="", "", _xlpm.val) )} | L56: {=_xlfn.LET( _xlpm.rowMatch, MATCH(TRIM($D56)&"|"&TRIM($C56), TRIM(Result00!$A$2:$A$45) &"|"& TRIM(Result00!$B$2:$B$45), 0), _xlpm.colMatch, MATCH(TRIM(L$3), TRIM(Result00!$C$1:$L$1), 0), _xlpm.val, IFERROR(INDEX(Result00!$C$2:$L$45, _xlpm.rowMatch, _xlpm.colMatch), ""), IF(_xlpm.val="", "", _xlpm.val) )} | M56: {=_xlfn.LET( _xlpm.rowMatch, MATCH(TRIM($D56)&"|"&TRIM($C56), TRIM(Result00!$A$2:$A$45) &"|"& TRIM(Result00!$B$2:$B$45), 0), _xlpm.colMatch, MATCH(TRIM(M$3), TRIM(Result00!$C$1:$L$1), 0), _xlpm.val, IFERROR(INDEX(Result00!$C$2:$L$45, _xlpm.rowMatch, _xlpm.colMatch), ""), IF(_xlpm.val="", "", _xlpm.val) )} | O56: {=_xlfn.LET( _xlpm.rowMatch, MATCH(TRIM($D56)&"|"&TRIM($C56), TRIM(Result00!$A$2:$A$45) &"|"& TRIM(Result00!$B$2:$B$45), 0), _xlpm.colMatch, MATCH(TRIM(O$3), TRIM(Result00!$C$1:$L$1), 0), _xlpm.val, IFERROR(INDEX(Result00!$C$2:$L$45, _xlpm.rowMatch, _xlpm.colMatch), ""), IF(_xlpm.val="", "", _xlpm.val) )} | P56: {=_xlfn.LET( _xlpm.rowMatch, MATCH(TRIM($D56)&"|"&TRIM($C56), TRIM(Result00!$A$2:$A$45) &"|"& TRIM(Result00!$B$2:$B$45), 0), _xlpm.colMatch, MATCH(TRIM(P$3), TRIM(Result00!$C$1:$L$1), 0), _xlpm.val, IFERROR(INDEX(Result00!$C$2:$L$45, _xlpm.rowMatch, _xlpm.colMatch), ""), IF(_xlpm.val="", "", _xlpm.val) )} | Q56: {=_xlfn.LET( _xlpm.rowMatch, MATCH(TRIM($D56)&"|"&TRIM($C56), TRIM(Result00!$A$2:$A$45) &"|"& TRIM(Result00!$B$2:$B$45), 0), _xlpm.colMatch, MATCH(TRIM(Q$3), TRIM(Result00!$C$1:$L$1), 0), _xlpm.val, IFERROR(INDEX(Result00!$C$2:$L$45, _xlpm.rowMatch, _xlpm.colMatch), ""), IF(_xlpm.val="", "", _xlpm.val) )}
B57: {=IFERROR( IF( MOD(ROW()-ROW($B$4), COUNTA(使用方法!$B:$B)) = 0, IF(INDEX(使用方法!$A:$A, INT((ROW()-ROW($B$4))/COUNTA(使用方法!$B:$B))+1) = "", "", INDEX(使用方法!$A:$A, INT((ROW()-ROW($B$4))/COUNTA(使用方法!$B:$B))+1) ), "" ), "")} | C57: =IF(B57<>"", B57, C56) -> XGBoost | F57: {=_xlfn.LET( _xlpm.rowMatch, MATCH(TRIM($D57)&"|"&TRIM($C57), TRIM(Result00!$A$2:$A$45) &"|"& TRIM(Result00!$B$2:$B$45), 0), _xlpm.colMatch, MATCH(TRIM(F$3), TRIM(Result00!$C$1:$L$1), 0), _xlpm.val, IFERROR(INDEX(Result00!$C$2:$L$45, _xlpm.rowMatch, _xlpm.colMatch), ""), IF(_xlpm.val="", "", _xlpm.val) )} | G57: {=_xlfn.LET( _xlpm.rowMatch, MATCH(TRIM($D57)&"|"&TRIM($C57), TRIM(Result00!$A$2:$A$45) &"|"& TRIM(Result00!$B$2:$B$45), 0), _xlpm.colMatch, MATCH(TRIM(G$3), TRIM(Result00!$C$1:$L$1), 0), _xlpm.val, IFERROR(INDEX(Result00!$C$2:$L$45, _xlpm.rowMatch, _xlpm.colMatch), ""), IF(_xlpm.val="", "", _xlpm.val) )} | H57: {=_xlfn.LET( _xlpm.rowMatch, MATCH(TRIM($D57)&"|"&TRIM($C57), TRIM(Result00!$A$2:$A$45) &"|"& TRIM(Result00!$B$2:$B$45), 0), _xlpm.colMatch, MATCH(TRIM(H$3), TRIM(Result00!$C$1:$L$1), 0), _xlpm.val, IFERROR(INDEX(Result00!$C$2:$L$45, _xlpm.rowMatch, _xlpm.colMatch), ""), IF(_xlpm.val="", "", _xlpm.val) )} | J57: {=_xlfn.LET( _xlpm.rowMatch, MATCH(TRIM($D57)&"|"&TRIM($C57), TRIM(Result00!$A$2:$A$45) &"|"& TRIM(Result00!$B$2:$B$45), 0), _xlpm.colMatch, MATCH(TRIM(J$3), TRIM(Result00!$C$1:$L$1), 0), _xlpm.val, IFERROR(INDEX(Result00!$C$2:$L$45, _xlpm.rowMatch, _xlpm.colMatch), ""), IF(_xlpm.val="", "", _xlpm.val) )} | K57: {=_xlfn.LET( _xlpm.rowMatch, MATCH(TRIM($D57)&"|"&TRIM($C57), TRIM(Result00!$A$2:$A$45) &"|"& TRIM(Result00!$B$2:$B$45), 0), _xlpm.colMatch, MATCH(TRIM(K$3), TRIM(Result00!$C$1:$L$1), 0), _xlpm.val, IFERROR(INDEX(Result00!$C$2:$L$45, _xlpm.rowMatch, _xlpm.colMatch), ""), IF(_xlpm.val="", "", _xlpm.val) )} | L57: {=_xlfn.LET( _xlpm.rowMatch, MATCH(TRIM($D57)&"|"&TRIM($C57), TRIM(Result00!$A$2:$A$45) &"|"& TRIM(Result00!$B$2:$B$45), 0), _xlpm.colMatch, MATCH(TRIM(L$3), TRIM(Result00!$C$1:$L$1), 0), _xlpm.val, IFERROR(INDEX(Result00!$C$2:$L$45, _xlpm.rowMatch, _xlpm.colMatch), ""), IF(_xlpm.val="", "", _xlpm.val) )} | M57: {=_xlfn.LET( _xlpm.rowMatch, MATCH(TRIM($D57)&"|"&TRIM($C57), TRIM(Result00!$A$2:$A$45) &"|"& TRIM(Result00!$B$2:$B$45), 0), _xlpm.colMatch, MATCH(TRIM(M$3), TRIM(Result00!$C$1:$L$1), 0), _xlpm.val, IFERROR(INDEX(Result00!$C$2:$L$45, _xlpm.rowMatch, _xlpm.colMatch), ""), IF(_xlpm.val="", "", _xlpm.val) )} | O57: {=_xlfn.LET( _xlpm.rowMatch, MATCH(TRIM($D57)&"|"&TRIM($C57), TRIM(Result00!$A$2:$A$45) &"|"& TRIM(Result00!$B$2:$B$45), 0), _xlpm.colMatch, MATCH(TRIM(O$3), TRIM(Result00!$C$1:$L$1), 0), _xlpm.val, IFERROR(INDEX(Result00!$C$2:$L$45, _xlpm.rowMatch, _xlpm.colMatch), ""), IF(_xlpm.val="", "", _xlpm.val) )} | P57: {=_xlfn.LET( _xlpm.rowMatch, MATCH(TRIM($D57)&"|"&TRIM($C57), TRIM(Result00!$A$2:$A$45) &"|"& TRIM(Result00!$B$2:$B$45), 0), _xlpm.colMatch, MATCH(TRIM(P$3), TRIM(Result00!$C$1:$L$1), 0), _xlpm.val, IFERROR(INDEX(Result00!$C$2:$L$45, _xlpm.rowMatch, _xlpm.colMatch), ""), IF(_xlpm.val="", "", _xlpm.val) )} | Q57: {=_xlfn.LET( _xlpm.rowMatch, MATCH(TRIM($D57)&"|"&TRIM($C57), TRIM(Result00!$A$2:$A$45) &"|"& TRIM(Result00!$B$2:$B$45), 0), _xlpm.colMatch, MATCH(TRIM(Q$3), TRIM(Result00!$C$1:$L$1), 0), _xlpm.val, IFERROR(INDEX(Result00!$C$2:$L$45, _xlpm.rowMatch, _xlpm.colMatch), ""), IF(_xlpm.val="", "", _xlpm.val) )}
B58: {=IFERROR( IF( MOD(ROW()-ROW($B$4), COUNTA(使用方法!$B:$B)) = 0, IF(INDEX(使用方法!$A:$A, INT((ROW()-ROW($B$4))/COUNTA(使用方法!$B:$B))+1) = "", "", INDEX(使用方法!$A:$A, INT((ROW()-ROW($B$4))/COUNTA(使用方法!$B:$B))+1) ), "" ), "")} | C58: =IF(B58<>"", B58, C57) -> XGBoost | F58: {=_xlfn.LET( _xlpm.rowMatch, MATCH(TRIM($D58)&"|"&TRIM($C58), TRIM(Result00!$A$2:$A$45) &"|"& TRIM(Result00!$B$2:$B$45), 0), _xlpm.colMatch, MATCH(TRIM(F$3), TRIM(Result00!$C$1:$L$1), 0), _xlpm.val, IFERROR(INDEX(Result00!$C$2:$L$45, _xlpm.rowMatch, _xlpm.colMatch), ""), IF(_xlpm.val="", "", _xlpm.val) )} | G58: {=_xlfn.LET( _xlpm.rowMatch, MATCH(TRIM($D58)&"|"&TRIM($C58), TRIM(Result00!$A$2:$A$45) &"|"& TRIM(Result00!$B$2:$B$45), 0), _xlpm.colMatch, MATCH(TRIM(G$3), TRIM(Result00!$C$1:$L$1), 0), _xlpm.val, IFERROR(INDEX(Result00!$C$2:$L$45, _xlpm.rowMatch, _xlpm.colMatch), ""), IF(_xlpm.val="", "", _xlpm.val) )} | H58: {=_xlfn.LET( _xlpm.rowMatch, MATCH(TRIM($D58)&"|"&TRIM($C58), TRIM(Result00!$A$2:$A$45) &"|"& TRIM(Result00!$B$2:$B$45), 0), _xlpm.colMatch, MATCH(TRIM(H$3), TRIM(Result00!$C$1:$L$1), 0), _xlpm.val, IFERROR(INDEX(Result00!$C$2:$L$45, _xlpm.rowMatch, _xlpm.colMatch), ""), IF(_xlpm.val="", "", _xlpm.val) )} | J58: {=_xlfn.LET( _xlpm.rowMatch, MATCH(TRIM($D58)&"|"&TRIM($C58), TRIM(Result00!$A$2:$A$45) &"|"& TRIM(Result00!$B$2:$B$45), 0), _xlpm.colMatch, MATCH(TRIM(J$3), TRIM(Result00!$C$1:$L$1), 0), _xlpm.val, IFERROR(INDEX(Result00!$C$2:$L$45, _xlpm.rowMatch, _xlpm.colMatch), ""), IF(_xlpm.val="", "", _xlpm.val) )} | K58: {=_xlfn.LET( _xlpm.rowMatch, MATCH(TRIM($D58)&"|"&TRIM($C58), TRIM(Result00!$A$2:$A$45) &"|"& TRIM(Result00!$B$2:$B$45), 0), _xlpm.colMatch, MATCH(TRIM(K$3), TRIM(Result00!$C$1:$L$1), 0), _xlpm.val, IFERROR(INDEX(Result00!$C$2:$L$45, _xlpm.rowMatch, _xlpm.colMatch), ""), IF(_xlpm.val="", "", _xlpm.val) )} | L58: {=_xlfn.LET( _xlpm.rowMatch, MATCH(TRIM($D58)&"|"&TRIM($C58), TRIM(Result00!$A$2:$A$45) &"|"& TRIM(Result00!$B$2:$B$45), 0), _xlpm.colMatch, MATCH(TRIM(L$3), TRIM(Result00!$C$1:$L$1), 0), _xlpm.val, IFERROR(INDEX(Result00!$C$2:$L$45, _xlpm.rowMatch, _xlpm.colMatch), ""), IF(_xlpm.val="", "", _xlpm.val) )} | M58: {=_xlfn.LET( _xlpm.rowMatch, MATCH(TRIM($D58)&"|"&TRIM($C58), TRIM(Result00!$A$2:$A$45) &"|"& TRIM(Result00!$B$2:$B$45), 0), _xlpm.colMatch, MATCH(TRIM(M$3), TRIM(Result00!$C$1:$L$1), 0), _xlpm.val, IFERROR(INDEX(Result00!$C$2:$L$45, _xlpm.rowMatch, _xlpm.colMatch), ""), IF(_xlpm.val="", "", _xlpm.val) )} | O58: {=_xlfn.LET( _xlpm.rowMatch, MATCH(TRIM($D58)&"|"&TRIM($C58), TRIM(Result00!$A$2:$A$45) &"|"& TRIM(Result00!$B$2:$B$45), 0), _xlpm.colMatch, MATCH(TRIM(O$3), TRIM(Result00!$C$1:$L$1), 0), _xlpm.val, IFERROR(INDEX(Result00!$C$2:$L$45, _xlpm.rowMatch, _xlpm.colMatch), ""), IF(_xlpm.val="", "", _xlpm.val) )} | P58: {=_xlfn.LET( _xlpm.rowMatch, MATCH(TRIM($D58)&"|"&TRIM($C58), TRIM(Result00!$A$2:$A$45) &"|"& TRIM(Result00!$B$2:$B$45), 0), _xlpm.colMatch, MATCH(TRIM(P$3), TRIM(Result00!$C$1:$L$1), 0), _xlpm.val, IFERROR(INDEX(Result00!$C$2:$L$45, _xlpm.rowMatch, _xlpm.colMatch), ""), IF(_xlpm.val="", "", _xlpm.val) )} | Q58: {=_xlfn.LET( _xlpm.rowMatch, MATCH(TRIM($D58)&"|"&TRIM($C58), TRIM(Result00!$A$2:$A$45) &"|"& TRIM(Result00!$B$2:$B$45), 0), _xlpm.colMatch, MATCH(TRIM(Q$3), TRIM(Result00!$C$1:$L$1), 0), _xlpm.val, IFERROR(INDEX(Result00!$C$2:$L$45, _xlpm.rowMatch, _xlpm.colMatch), ""), IF(_xlpm.val="", "", _xlpm.val) )}
B59: {=IFERROR( IF( MOD(ROW()-ROW($B$4), COUNTA(使用方法!$B:$B)) = 0, IF(INDEX(使用方法!$A:$A, INT((ROW()-ROW($B$4))/COUNTA(使用方法!$B:$B))+1) = "", "", INDEX(使用方法!$A:$A, INT((ROW()-ROW($B$4))/COUNTA(使用方法!$B:$B))+1) ), "" ), "")} | C59: =IF(B59<>"", B59, C58) -> XGBoost | F59: {=_xlfn.LET( _xlpm.rowMatch, MATCH(TRIM($D59)&"|"&TRIM($C59), TRIM(Result00!$A$2:$A$45) &"|"& TRIM(Result00!$B$2:$B$45), 0), _xlpm.colMatch, MATCH(TRIM(F$3), TRIM(Result00!$C$1:$L$1), 0), _xlpm.val, IFERROR(INDEX(Result00!$C$2:$L$45, _xlpm.rowMatch, _xlpm.colMatch), ""), IF(_xlpm.val="", "", _xlpm.val) )} | G59: {=_xlfn.LET( _xlpm.rowMatch, MATCH(TRIM($D59)&"|"&TRIM($C59), TRIM(Result00!$A$2:$A$45) &"|"& TRIM(Result00!$B$2:$B$45), 0), _xlpm.colMatch, MATCH(TRIM(G$3), TRIM(Result00!$C$1:$L$1), 0), _xlpm.val, IFERROR(INDEX(Result00!$C$2:$L$45, _xlpm.rowMatch, _xlpm.colMatch), ""), IF(_xlpm.val="", "", _xlpm.val) )} | H59: {=_xlfn.LET( _xlpm.rowMatch, MATCH(TRIM($D59)&"|"&TRIM($C59), TRIM(Result00!$A$2:$A$45) &"|"& TRIM(Result00!$B$2:$B$45), 0), _xlpm.colMatch, MATCH(TRIM(H$3), TRIM(Result00!$C$1:$L$1), 0), _xlpm.val, IFERROR(INDEX(Result00!$C$2:$L$45, _xlpm.rowMatch, _xlpm.colMatch), ""), IF(_xlpm.val="", "", _xlpm.val) )} | J59: {=_xlfn.LET( _xlpm.rowMatch, MATCH(TRIM($D59)&"|"&TRIM($C59), TRIM(Result00!$A$2:$A$45) &"|"& TRIM(Result00!$B$2:$B$45), 0), _xlpm.colMatch, MATCH(TRIM(J$3), TRIM(Result00!$C$1:$L$1), 0), _xlpm.val, IFERROR(INDEX(Result00!$C$2:$L$45, _xlpm.rowMatch, _xlpm.colMatch), ""), IF(_xlpm.val="", "", _xlpm.val) )} | K59: {=_xlfn.LET( _xlpm.rowMatch, MATCH(TRIM($D59)&"|"&TRIM($C59), TRIM(Result00!$A$2:$A$45) &"|"& TRIM(Result00!$B$2:$B$45), 0), _xlpm.colMatch, MATCH(TRIM(K$3), TRIM(Result00!$C$1:$L$1), 0), _xlpm.val, IFERROR(INDEX(Result00!$C$2:$L$45, _xlpm.rowMatch, _xlpm.colMatch), ""), IF(_xlpm.val="", "", _xlpm.val) )} | L59: {=_xlfn.LET( _xlpm.rowMatch, MATCH(TRIM($D59)&"|"&TRIM($C59), TRIM(Result00!$A$2:$A$45) &"|"& TRIM(Result00!$B$2:$B$45), 0), _xlpm.colMatch, MATCH(TRIM(L$3), TRIM(Result00!$C$1:$L$1), 0), _xlpm.val, IFERROR(INDEX(Result00!$C$2:$L$45, _xlpm.rowMatch, _xlpm.colMatch), ""), IF(_xlpm.val="", "", _xlpm.val) )} | M59: {=_xlfn.LET( _xlpm.rowMatch, MATCH(TRIM($D59)&"|"&TRIM($C59), TRIM(Result00!$A$2:$A$45) &"|"& TRIM(Result00!$B$2:$B$45), 0), _xlpm.colMatch, MATCH(TRIM(M$3), TRIM(Result00!$C$1:$L$1), 0), _xlpm.val, IFERROR(INDEX(Result00!$C$2:$L$45, _xlpm.rowMatch, _xlpm.colMatch), ""), IF(_xlpm.val="", "", _xlpm.val) )} | O59: {=_xlfn.LET( _xlpm.rowMatch, MATCH(TRIM($D59)&"|"&TRIM($C59), TRIM(Result00!$A$2:$A$45) &"|"& TRIM(Result00!$B$2:$B$45), 0), _xlpm.colMatch, MATCH(TRIM(O$3), TRIM(Result00!$C$1:$L$1), 0), _xlpm.val, IFERROR(INDEX(Result00!$C$2:$L$45, _xlpm.rowMatch, _xlpm.colMatch), ""), IF(_xlpm.val="", "", _xlpm.val) )} | P59: {=_xlfn.LET( _xlpm.rowMatch, MATCH(TRIM($D59)&"|"&TRIM($C59), TRIM(Result00!$A$2:$A$45) &"|"& TRIM(Result00!$B$2:$B$45), 0), _xlpm.colMatch, MATCH(TRIM(P$3), TRIM(Result00!$C$1:$L$1), 0), _xlpm.val, IFERROR(INDEX(Result00!$C$2:$L$45, _xlpm.rowMatch, _xlpm.colMatch), ""), IF(_xlpm.val="", "", _xlpm.val) )} | Q59: {=_xlfn.LET( _xlpm.rowMatch, MATCH(TRIM($D59)&"|"&TRIM($C59), TRIM(Result00!$A$2:$A$45) &"|"& TRIM(Result00!$B$2:$B$45), 0), _xlpm.colMatch, MATCH(TRIM(Q$3), TRIM(Result00!$C$1:$L$1), 0), _xlpm.val, IFERROR(INDEX(Result00!$C$2:$L$45, _xlpm.rowMatch, _xlpm.colMatch), ""), IF(_xlpm.val="", "", _xlpm.val) )}
... B63: {=IFERROR( IF( MOD(ROW()-ROW($B$4), COUNTA(使用方法!$B:$B)) = 0, IF(INDEX(使用方法!$A:$A, INT((ROW()-ROW($B$4))/COUNTA(使用方法!$B:$B))+1) = "", "", INDEX(使用方法!$A:$A, INT((ROW()-ROW($B$4))/COUNTA(使用方法!$B:$B))+1) ), "" ), "")} | C63: =IF(B63<>"", B63, C62) -> XGBoost | F63: {=_xlfn.LET( _xlpm.rowMatch, MATCH(TRIM($D63)&"|"&TRIM($C63), TRIM(Result00!$A$2:$A$45) &"|"& TRIM(Result00!$B$2:$B$45), 0), _xlpm.colMatch, MATCH(TRIM(F$3), TRIM(Result00!$C$1:$L$1), 0), _xlpm.val, IFERROR(INDEX(Result00!$C$2:$L$45, _xlpm.rowMatch, _xlpm.colMatch), ""), IF(_xlpm.val="", "", _xlpm.val) )} | G63: {=_xlfn.LET( _xlpm.rowMatch, MATCH(TRIM($D63)&"|"&TRIM($C63), TRIM(Result00!$A$2:$A$45) &"|"& TRIM(Result00!$B$2:$B$45), 0), _xlpm.colMatch, MATCH(TRIM(G$3), TRIM(Result00!$C$1:$L$1), 0), _xlpm.val, IFERROR(INDEX(Result00!$C$2:$L$45, _xlpm.rowMatch, _xlpm.colMatch), ""), IF(_xlpm.val="", "", _xlpm.val) )} | H63: {=_xlfn.LET( _xlpm.rowMatch, MATCH(TRIM($D63)&"|"&TRIM($C63), TRIM(Result00!$A$2:$A$45) &"|"& TRIM(Result00!$B$2:$B$45), 0), _xlpm.colMatch, MATCH(TRIM(H$3), TRIM(Result00!$C$1:$L$1), 0), _xlpm.val, IFERROR(INDEX(Result00!$C$2:$L$45, _xlpm.rowMatch, _xlpm.colMatch), ""), IF(_xlpm.val="", "", _xlpm.val) )} | J63: {=_xlfn.LET( _xlpm.rowMatch, MATCH(TRIM($D63)&"|"&TRIM($C63), TRIM(Result00!$A$2:$A$45) &"|"& TRIM(Result00!$B$2:$B$45), 0), _xlpm.colMatch, MATCH(TRIM(J$3), TRIM(Result00!$C$1:$L$1), 0), _xlpm.val, IFERROR(INDEX(Result00!$C$2:$L$45, _xlpm.rowMatch, _xlpm.colMatch), ""), IF(_xlpm.val="", "", _xlpm.val) )} | K63: {=_xlfn.LET( _xlpm.rowMatch, MATCH(TRIM($D63)&"|"&TRIM($C63), TRIM(Result00!$A$2:$A$45) &"|"& TRIM(Result00!$B$2:$B$45), 0), _xlpm.colMatch, MATCH(TRIM(K$3), TRIM(Result00!$C$1:$L$1), 0), _xlpm.val, IFERROR(INDEX(Result00!$C$2:$L$45, _xlpm.rowMatch, _xlpm.colMatch), ""), IF(_xlpm.val="", "", _xlpm.val) )} | L63: {=_xlfn.LET( _xlpm.rowMatch, MATCH(TRIM($D63)&"|"&TRIM($C63), TRIM(Result00!$A$2:$A$45) &"|"& TRIM(Result00!$B$2:$B$45), 0), _xlpm.colMatch, MATCH(TRIM(L$3), TRIM(Result00!$C$1:$L$1), 0), _xlpm.val, IFERROR(INDEX(Result00!$C$2:$L$45, _xlpm.rowMatch, _xlpm.colMatch), ""), IF(_xlpm.val="", "", _xlpm.val) )} | M63: {=_xlfn.LET( _xlpm.rowMatch, MATCH(TRIM($D63)&"|"&TRIM($C63), TRIM(Result00!$A$2:$A$45) &"|"& TRIM(Result00!$B$2:$B$45), 0), _xlpm.colMatch, MATCH(TRIM(M$3), TRIM(Result00!$C$1:$L$1), 0), _xlpm.val, IFERROR(INDEX(Result00!$C$2:$L$45, _xlpm.rowMatch, _xlpm.colMatch), ""), IF(_xlpm.val="", "", _xlpm.val) )} | O63: {=_xlfn.LET( _xlpm.rowMatch, MATCH(TRIM($D63)&"|"&TRIM($C63), TRIM(Result00!$A$2:$A$45) &"|"& TRIM(Result00!$B$2:$B$45), 0), _xlpm.colMatch, MATCH(TRIM(O$3), TRIM(Result00!$C$1:$L$1), 0), _xlpm.val, IFERROR(INDEX(Result00!$C$2:$L$45, _xlpm.rowMatch, _xlpm.colMatch), ""), IF(_xlpm.val="", "", _xlpm.val) )} | P63: {=_xlfn.LET( _xlpm.rowMatch, MATCH(TRIM($D63)&"|"&TRIM($C63), TRIM(Result00!$A$2:$A$45) &"|"& TRIM(Result00!$B$2:$B$45), 0), _xlpm.colMatch, MATCH(TRIM(P$3), TRIM(Result00!$C$1:$L$1), 0), _xlpm.val, IFERROR(INDEX(Result00!$C$2:$L$45, _xlpm.rowMatch, _xlpm.colMatch), ""), IF(_xlpm.val="", "", _xlpm.val) )} | Q63: {=_xlfn.LET( _xlpm.rowMatch, MATCH(TRIM($D63)&"|"&TRIM($C63), TRIM(Result00!$A$2:$A$45) &"|"& TRIM(Result00!$B$2:$B$45), 0), _xlpm.colMatch, MATCH(TRIM(Q$3), TRIM(Result00!$C$1:$L$1), 0), _xlpm.val, IFERROR(INDEX(Result00!$C$2:$L$45, _xlpm.rowMatch, _xlpm.colMatch), ""), IF(_xlpm.val="", "", _xlpm.val) )}
B131: {=IFERROR( IF( MOD(ROW()-ROW($B$4), COUNTA(使用方法!$B:$B)) = 0, IF(INDEX(使用方法!$A:$A, INT((ROW()-ROW($B$4))/COUNTA(使用方法!$B:$B))+1) = "", "", INDEX(使用方法!$A:$A, INT((ROW()-ROW($B$4))/COUNTA(使用方法!$B:$B))+1) ), "" ), "")} | C131: =IF(B131<>"", B131, C130) -> 0
B132: {=IFERROR( IF( MOD(ROW()-ROW($B$4), COUNTA(使用方法!$B:$B)) = 0, IF(INDEX(使用方法!$A:$A, INT((ROW()-ROW($B$4))/COUNTA(使用方法!$B:$B))+1) = "", "", INDEX(使用方法!$A:$A, INT((ROW()-ROW($B$4))/COUNTA(使用方法!$B:$B))+1) ), "" ), "")} | C132: =IF(B132<>"", B132, C131) -> 0
B133: {=IFERROR( IF( MOD(ROW()-ROW($B$4), COUNTA(使用方法!$B:$B)) = 0, IF(INDEX(使用方法!$A:$A, INT((ROW()-ROW($B$4))/COUNTA(使用方法!$B:$B))+1) = "", "", INDEX(使用方法!$A:$A, INT((ROW()-ROW($B$4))/COUNTA(使用方法!$B:$B))+1) ), "" ), "")} | C133: =IF(B133<>"", B133, C132) -> 0
B134: {=IFERROR( IF( MOD(ROW()-ROW($B$4), COUNTA(使用方法!$B:$B)) = 0, IF(INDEX(使用方法!$A:$A, INT((ROW()-ROW($B$4))/COUNTA(使用方法!$B:$B))+1) = "", "", INDEX(使用方法!$A:$A, INT((ROW()-ROW($B$4))/COUNTA(使用方法!$B:$B))+1) ), "" ), "")} | C134: =IF(B134<>"", B134, C133) -> 0
B135: {=IFERROR( IF( MOD(ROW()-ROW($B$4), COUNTA(使用方法!$B:$B)) = 0, IF(INDEX(使用方法!$A:$A, INT((ROW()-ROW($B$4))/COUNTA(使用方法!$B:$B))+1) = "", "", INDEX(使用方法!$A:$A, INT((ROW()-ROW($B$4))/COUNTA(使用方法!$B:$B))+1) ), "" ), "")} | C135: =IF(B135<>"", B135, C134) -> 0
B136: {=IFERROR( IF( MOD(ROW()-ROW($B$4), COUNTA(使用方法!$B:$B)) = 0, IF(INDEX(使用方法!$A:$A, INT((ROW()-ROW($B$4))/COUNTA(使用方法!$B:$B))+1) = "", "", INDEX(使用方法!$A:$A, INT((ROW()-ROW($B$4))/COUNTA(使用方法!$B:$B))+1) ), "" ), "")} | C136: =IF(B136<>"", B136, C135) -> 0
B137: {=IFERROR( IF( MOD(ROW()-ROW($B$4), COUNTA(使用方法!$B:$B)) = 0, IF(INDEX(使用方法!$A:$A, INT((ROW()-ROW($B$4))/COUNTA(使用方法!$B:$B))+1) = "", "", INDEX(使用方法!$A:$A, INT((ROW()-ROW($B$4))/COUNTA(使用方法!$B:$B))+1) ), "" ), "")} | C137: =IF(B137<>"", B137, C136) -> 0
B138: {=IFERROR( IF( MOD(ROW()-ROW($B$4), COUNTA(使用方法!$B:$B)) = 0, IF(INDEX(使用方法!$A:$A, INT((ROW()-ROW($B$4))/COUNTA(使用方法!$B:$B))+1) = "", "", INDEX(使用方法!$A:$A, INT((ROW()-ROW($B$4))/COUNTA(使用方法!$B:$B))+1) ), "" ), "")} | C138: =IF(B138<>"", B138, C137) -> 0
B139: {=IFERROR( IF( MOD(ROW()-ROW($B$4), COUNTA(使用方法!$B:$B)) = 0, IF(INDEX(使用方法!$A:$A, INT((ROW()-ROW($B$4))/COUNTA(使用方法!$B:$B))+1) = "", "", INDEX(使用方法!$A:$A, INT((ROW()-ROW($B$4))/COUNTA(使用方法!$B:$B))+1) ), "" ), "")} | C139: =IF(B139<>"", B139, C138) -> 0
B140: {=IFERROR( IF( MOD(ROW()-ROW($B$4), COUNTA(使用方法!$B:$B)) = 0, IF(INDEX(使用方法!$A:$A, INT((ROW()-ROW($B$4))/COUNTA(使用方法!$B:$B))+1) = "", "", INDEX(使用方法!$A:$A, INT((ROW()-ROW($B$4))/COUNTA(使用方法!$B:$B))+1) ), "" ), "")} | C140: =IF(B140<>"", B140, C139) -> 0
B141: {=IFERROR( IF( MOD(ROW()-ROW($B$4), COUNTA(使用方法!$B:$B)) = 0, IF(INDEX(使用方法!$A:$A, INT((ROW()-ROW($B$4))/COUNTA(使用方法!$B:$B))+1) = "", "", INDEX(使用方法!$A:$A, INT((ROW()-ROW($B$4))/COUNTA(使用方法!$B:$B))+1) ), "" ), "")} | C141: =IF(B141<>"", B141, C140) -> 0
B142: {=IFERROR( IF( MOD(ROW()-ROW($B$4), COUNTA(使用方法!$B:$B)) = 0, IF(INDEX(使用方法!$A:$A, INT((ROW()-ROW($B$4))/COUNTA(使用方法!$B:$B))+1) = "", "", INDEX(使用方法!$A:$A, INT((ROW()-ROW($B$4))/COUNTA(使用方法!$B:$B))+1) ), "" ), "")} | C142: =IF(B142<>"", B142, C141) -> 0
... B251: {=IFERROR( IF( MOD(ROW()-ROW($B$4), COUNTA(使用方法!$B:$B)) = 0, IF(INDEX(使用方法!$A:$A, INT((ROW()-ROW($B$4))/COUNTA(使用方法!$B:$B))+1) = "", "", INDEX(使用方法!$A:$A, INT((ROW()-ROW($B$4))/COUNTA(使用方法!$B:$B))+1) ), "" ), "")} | C251: =IF(B251<>"", B251, C250) -> 0

Sheet 使用方法
A1: LogisticRegression | B1: Full_Set_Baseline | C1: train_precision
A2: LDA | B2: Lasso (a=1e-4) | C2: train_recall
A3: QDA | B3: Lasso (a=1e-5) | C3: train_f1
A4: XGBoost | B4: Lasso (a=1e-6) | C4: train_auc
B5: Ridge (a=1e2) | C5: train_pr_auc
B6: Ridge (a=1e3) | C6: train_accuracy
B7: Ridge (a=1e4) | C7: test_precision
B8: Ridge (a=1e5) | C8: test_recall
B9: Ridge (a=1e6) | C9: test_f1
B10: XGBoost_Top10 | C10: test_auc
C11: test_pr_auc
C12: test_accuracy

Sheet Result01
A1: Feature_Selection | B1: Model | C1: train_auc | D1: train_pr_auc | E1: train_precision | F1: train_recall | G1: train_f1 | H1: test_auc | I1: test_pr_auc | J1: test_precision | K1: test_recall | L1: test_f1
A2: Full_Set_Baseline | B2: XGBoost | C2: 0.938 | D2: 0.7426 | E2: 0.8552 | F2: 0.695 | G2: 0.7667 | H2: 0.909 | I2: 0.6729 | J2: 0.8285 | K2: 0.669 | L2: 0.7402
A3: Lasso (a=1e-6) | B3: XGBoost | C3: 0.9363 | D3: 0.7349 | E3: 0.8508 | F3: 0.6973 | G3: 0.7664 | H3: 0.913 | I3: 0.686 | J3: 0.8181 | K3: 0.6793 | L3: 0.7422
A4: Ridge (a=1e6) | B4: XGBoost | C4: 0.8963 | D4: 0.632 | E4: 0.7962 | F4: 0.6134 | G4: 0.6928 | H4: 0.9067 | I4: 0.6805 | J4: 0.8326 | K4: 0.648 | L4: 0.7288
A5: Ridge (a=1e3) | B5: XGBoost | C5: 0.8987 | D5: 0.3944 | E5: 0.675 | F5: 0.3567 | G5: 0.4666 | H5: 0.8276 | I5: 0.3317 | J5: 0.6167 | K5: 0.3058 | L5: 0.4088
A6: Ridge (a=1e2) | B6: XGBoost | C6: 0.8987 | D6: 0.3944 | E6: 0.675 | F6: 0.3567 | G6: 0.4666 | H6: 0.8276 | I6: 0.3317 | J6: 0.6167 | K6: 0.3058 | L6: 0.4088
A7: Ridge (a=1e4) | B7: XGBoost | C7: 0.882 | D7: 0.3687 | E7: 0.6425 | F7: 0.3509 | G7: 0.4539 | H7: 0.8579 | I7: 0.346 | J7: 0.5801 | K7: 0.3385 | L7: 0.4275
A8: Ridge (a=1e5) | B8: XGBoost | C8: 0.8914 | D8: 0.3414 | E8: 0.6281 | F8: 0.34 | G8: 0.4406 | H8: 0.9056 | I8: 0.3809 | J8: 0.6627 | K8: 0.3212 | L8: 0.4327
A9: XGBoost_Top10 | B9: XGBoost | C9: 0.8704 | D9: 0.3204 | E9: 0.6104 | F9: 0.3184 | G9: 0.4183 | H9: 0.855 | I9: 0.322 | J9: 0.6342 | K9: 0.2865 | L9: 0.3947
A10: Lasso (a=1e-5) | B10: XGBoost | C10: 0.8597 | D10: 0.3043 | E10: 0.6035 | F10: 0.299 | G10: 0.3996 | H10: 0.8222 | I10: 0.2509 | J10: 0.5858 | K10: 0.268 | L10: 0.3678
A11: Lasso (a=1e-4) | B11: XGBoost | C11: 0.9286 | D11: 0.2481 | E11: 0.8412 | F11: 0.2155 | G11: 0.3429 | H11: 0.7242 | I11: 0.0116 | J11: 0 | K11: 0 | L11: 0
A12: Lasso (a=1e-6) | B12: LDA | C12: 0.8666 | D12: 0.027 | E12: 0.0507 | F12: 0.1436 | G12: 0.0749 | H12: 0.8618 | I12: 0.0249 | J12: 0.0502 | K12: 0.141 | L12: 0.0741
A13: Full_Set_Baseline | B13: LDA | C13: 0.8663 | D13: 0.027 | E13: 0.0506 | F13: 0.1433 | G13: 0.0747 | H13: 0.8615 | I13: 0.025 | J13: 0.0498 | K13: 0.1398 | L13: 0.0734
... A40: XGBoost_Top10 | B40: LogisticRegression | C40: 0.8763 | D40: 0.0081 | E40: 0 | F40: 0 | G40: 0 | H40: 0.8749 | I40: 0.0081 | J40: 0 | K40: 0 | L40: 0

Sheet Result00
A1: Feature_Selection | B1: Model | C1: train_auc | D1: train_pr_auc | E1: train_precision | F1: train_recall | G1: train_f1 | H1: test_auc | I1: test_pr_auc | J1: test_precision | K1: test_recall | L1: test_f1
A2: Ridge (a=1e4) | B2: XGBoost | C2: 0.9232 | D2: 0.7467 | E2: 0.8446 | F2: 0.6931 | G2: 0.7614 | H2: 0.9139 | I2: 0.7183 | J2: 0.8235 | K2: 0.679 | L2: 0.7443
A3: Ridge (a=1e5) | B3: XGBoost | C3: 0.9232 | D3: 0.7467 | E3: 0.8446 | F3: 0.6931 | G3: 0.7614 | H3: 0.9139 | I3: 0.7183 | J3: 0.8235 | K3: 0.679 | L3: 0.7443
A4: Ridge (a=1e2) | B4: XGBoost | C4: 0.9208 | D4: 0.7417 | E4: 0.8517 | F4: 0.6823 | G4: 0.7576 | H4: 0.9123 | I4: 0.7091 | J4: 0.8322 | K4: 0.6623 | L4: 0.7376
A5: Ridge (a=1e3) | B5: XGBoost | C5: 0.9208 | D5: 0.7417 | E5: 0.8517 | F5: 0.6823 | G5: 0.7576 | H5: 0.9123 | I5: 0.7091 | J5: 0.8322 | K5: 0.6623 | L5: 0.7376
A6: Lasso (a=1e-6) | B6: XGBoost | C6: 0.9208 | D6: 0.7417 | E6: 0.8517 | F6: 0.6823 | G6: 0.7576 | H6: 0.9123 | I6: 0.7091 | J6: 0.8322 | K6: 0.6623 | L6: 0.7376
A7: Ridge (a=1e6) | B7: XGBoost | C7: 0.9193 | D7: 0.7365 | E7: 0.8517 | F7: 0.6892 | G7: 0.7619 | H7: 0.9057 | I7: 0.6974 | J7: 0.8286 | K7: 0.6673 | L7: 0.7392
A8: Full_Set_Baseline | B8: XGBoost | C8: 0.9192 | D8: 0.7377 | E8: 0.8526 | F8: 0.6953 | G8: 0.766 | H8: 0.909 | I8: 0.694 | J8: 0.8285 | K8: 0.669 | L8: 0.7402
A9: Lasso (a=1e-3) | B9: XGBoost | C9: 0.9192 | D9: 0.7377 | E9: 0.8526 | F9: 0.6953 | G9: 0.766 | H9: 0.909 | I9: 0.694 | J9: 0.8285 | K9: 0.669 | L9: 0.7402
A10: Lasso (a=1e-5) | B10: XGBoost | C10: 0.9186 | D10: 0.7386 | E10: 0.85 | F10: 0.6874 | G10: 0.7601 | H10: 0.9052 | I10: 0.7024 | J10: 0.8339 | K10: 0.6675 | L10: 0.7415
A11: Lasso (a=1e-4) | B11: XGBoost | C11: 0.9163 | D11: 0.7332 | E11: 0.8504 | F11: 0.688 | G11: 0.7606 | H11: 0.9055 | I11: 0.6924 | J11: 0.8237 | K11: 0.6667 | L11: 0.7369
A12: Lasso (a=1e-4) | B12: QDA | C12: 0.9124 | D12: 0.0805 | E12: 0.0033 | F12: 0.9675 | G12: 0.0065 | H12: 0.9092 | I12: 0.0812 | J12: 0.0033 | K12: 0.9613 | L12: 0.0065
A13: Lasso (a=1e-5) | B13: QDA | C13: 0.9114 | D13: 0.0546 | E13: 0.0047 | F13: 0.9323 | G13: 0.0094 | H13: 0.9062 | I13: 0.0515 | J13: 0.0047 | K13: 0.9233 | L13: 0.0093
... A45: Ridge (a=1e5) | B45: QDA | C45: 0.806 | D45: 0.0434 | E45: 0.005 | F45: 0.6926 | G45: 0.0099 | H45: 0.7995 | I45: 0.0407 | J45: 0.0049 | K45: 0.6827 | L45: 0.0097

Sheet Result_
A1: Feature_Selection | B1: Model | C1: train_auc | D1: train_pr_auc | E1: train_precision | F1: train_recall | G1: train_f1 | H1: test_auc | I1: test_pr_auc | J1: test_precision | K1: test_recall | L1: test_f1
A2: Full_Set_Baseline | B2: XGBoost | C2: 0.931834 | D2: 0.706267 | E2: 0.826591 | F2: 0.65688 | G2: 0.732028 | H2: 0.906641 | I2: 0.616566 | J2: 0.762897 | K2: 0.59525 | L2: 0.668726
A3: Lasso (a=0.001) | B3: XGBoost | C3: 0.931834 | D3: 0.706267 | E3: 0.826591 | F3: 0.65688 | G3: 0.732028 | H3: 0.906641 | I3: 0.616566 | J3: 0.762897 | K3: 0.59525 | L3: 0.668726
A4: Lasso (a=0.01) | B4: XGBoost | C4: 0.931834 | D4: 0.706267 | E4: 0.826591 | F4: 0.65688 | G4: 0.732028 | H4: 0.906641 | I4: 0.616566 | J4: 0.762897 | K4: 0.59525 | L4: 0.668726
A5: Lasso (a=1) | B5: XGBoost | C5: 0.931834 | D5: 0.706267 | E5: 0.826591 | F5: 0.65688 | G5: 0.732028 | H5: 0.906641 | I5: 0.616566 | J5: 0.762897 | K5: 0.59525 | L5: 0.668726
A6: Lasso (a=10) | B6: XGBoost | C6: 0.931834 | D6: 0.706267 | E6: 0.826591 | F6: 0.65688 | G6: 0.732028 | H6: 0.906641 | I6: 0.616566 | J6: 0.762897 | K6: 0.59525 | L6: 0.668726
A7: Lasso (a=100) | B7: XGBoost | C7: 0.931834 | D7: 0.706267 | E7: 0.826591 | F7: 0.65688 | G7: 0.732028 | H7: 0.906641 | I7: 0.616566 | J7: 0.762897 | K7: 0.59525 | L7: 0.668726
A8: Lasso (a=1000) | B8: XGBoost | C8: 0.931834 | D8: 0.706267 | E8: 0.826591 | F8: 0.65688 | G8: 0.732028 | H8: 0.906641 | I8: 0.616566 | J8: 0.762897 | K8: 0.59525 | L8: 0.668726
A9: Ridge (a=0.001) | B9: XGBoost | C9: 0.931834 | D9: 0.706267 | E9: 0.826591 | F9: 0.65688 | G9: 0.732028 | H9: 0.906641 | I9: 0.616566 | J9: 0.762897 | K9: 0.59525 | L9: 0.668726
A10: Ridge (a=0.01) | B10: XGBoost | C10: 0.931834 | D10: 0.706267 | E10: 0.826591 | F10: 0.65688 | G10: 0.732028 | H10: 0.906641 | I10: 0.616566 | J10: 0.762897 | K10: 0.59525 | L10: 0.668726
A11: Ridge (a=1) | B11: XGBoost | C11: 0.931834 | D11: 0.706267 | E11: 0.826591 | F11: 0.65688 | G11: 0.732028 | H11: 0.906641 | I11: 0.616566 | J11: 0.762897 | K11: 0.59525 | L11: 0.668726
A12: Ridge (a=10) | B12: XGBoost | C12: 0.931834 | D12: 0.706267 | E12: 0.826591 | F12: 0.65688 | G12: 0.732028 | H12: 0.906641 | I12: 0.616566 | J12: 0.762897 | K12: 0.59525 | L12: 0.668726
A13: Ridge (a=100) | B13: XGBoost | C13: 0.931834 | D13: 0.706267 | E13: 0.826591 | F13: 0.65688 | G13: 0.732028 | H13: 0.906641 | I13: 0.616566 | J13: 0.762897 | K13: 0.59525 | L13: 0.668726
... A61: XGBoost_TopK | B61: LogisticRegression | C61: 0.566668 | D61: 0.00222 | E61: 0 | F61: 0 | G61: 0 | H61: 0.566623 | I61: 0.00209 | J61: 0 | K61: 0 | L61: 0
